时间,系统总CPU%,可用内存MB,后端CPU%,后端内存MB,JMeterCPU%,JMeter内存MB,MySQLCPU%,MySQL内存MB,DB连接数,DB活跃连接
10:52:16,19,3835,0,623.1,0,311.6,0,38.8,1,1
10:52:18,8,3836,0,623.1,0,311.6,0,39.0,1,1
10:52:20,9,3832,0,623.1,0,311.6,0,39.0,1,1
10:52:22,9,3845,0,623.1,0,311.6,0,39.0,1,1
10:52:24,6,3847,0,623.1,0,311.6,0,39.0,1,1
10:52:27,8,3847,0,623.1,0,311.6,0,39.0,1,1
10:52:29,10,3847,0,623.1,0,311.6,0,39.0,1,1
10:52:31,14,3815,0,623.1,0,311.6,0,39.0,1,1
10:52:33,15,3824,0,623.1,0,311.6,0,39.0,1,1
10:52:35,22,3802,0,623.1,0,311.6,0,39.0,1,1
10:52:37,14,3834,0,623.1,0,311.6,0,39.0,1,1
10:52:39,15,3867,0,623.1,0,311.6,0,39.0,1,1
10:52:41,8,3893,0,623.1,0,311.6,0,39.0,1,1
10:52:43,11,3884,0,623.1,0,311.6,0,39.0,1,1
10:52:45,8,3882,0,623.1,0,311.6,0,39.0,1,1
10:52:47,5,3883,0,623.1,0,311.6,0,39.0,1,1
10:52:49,8,3881,0,623.1,0,311.6,0,39.0,1,1
10:52:51,7,3883,0,623.1,0,311.6,0,39.0,1,1
10:52:53,7,3882,0,623.1,0,311.6,0,39.0,1,1
10:52:55,4,3881,0,623.8,0,311.6,0,39.0,1,1
10:52:57,8,3819,0,624.9,0,87.3,0,39.0,1,1
10:53:00,25,3686,0,640.0,0,197.2,0,39.1,3,1
10:53:02,40,3645,0,673.0,0,198.2,0,40.0,6,1
10:53:04,65,3630,0,713.2,0,184.6,0,40.5,7,1
10:53:06,78,3562,0,767.2,0,189.6,0,41.1,8,1
10:53:08,76,3529,0,807.4,0,187.2,0,41.6,8,1
10:53:10,79,3467,0,855.7,0,193.5,0,41.8,8,1
10:53:12,72,3467,0,858.6,0,191.2,0,42.0,8,1
10:53:14,74,3466,0,861.0,0,188.9,0,42.0,8,1
10:53:16,71,3484,0,837.9,0,190.5,0,42.3,8,1
10:53:18,71,3475,0,850.1,0,189.9,0,42.5,8,1
10:53:20,73,3474,0,852.8,0,190.2,0,42.5,8,1
10:53:22,77,3469,0,858.2,0,190.2,0,42.5,8,1
10:53:24,78,3457,0,863.5,0,194.9,0,42.6,8,1
10:53:26,79,3446,0,882.6,0,192.1,0,42.6,8,1
10:53:28,77,3329,0,919.4,0,188.7,0,42.6,8,1
10:53:31,14,3836,0,919.7,0,311.6,0,42.7,8,1
10:53:33,12,3804,0,919.7,0,311.6,0,42.7,8,1
10:53:35,7,3816,0,919.7,0,311.6,0,42.7,8,1
10:53:37,11,3809,0,919.7,0,311.6,0,42.7,8,1
10:53:39,11,3816,0,919.7,0,311.6,0,42.7,8,1
10:53:41,12,3814,0,919.7,0,311.6,0,42.7,8,1
10:53:43,10,3815,0,919.7,0,311.6,0,42.7,8,1
10:53:45,7,3814,0,919.7,0,311.6,0,42.7,8,1
10:53:47,13,3819,0,919.7,0,311.6,0,42.7,8,1
10:53:49,11,3813,0,919.7,0,311.6,0,42.7,8,1
10:53:51,6,3810,0,919.7,0,311.6,0,42.7,8,1
10:53:53,5,3806,0,919.7,0,311.6,0,42.7,8,1
10:53:55,9,3805,0,919.7,0,311.6,0,42.7,8,1
10:53:57,7,3810,0,919.7,0,311.6,0,42.7,8,1
10:53:59,7,3804,0,919.7,0,311.6,0,42.7,8,1
10:54:02,8,3804,0,919.7,0,311.6,0,42.7,8,1
10:54:04,9,3801,0,919.7,0,311.6,0,42.7,8,1
10:54:06,7,3801,0,919.7,0,311.6,0,42.7,8,1
10:54:08,6,3802,0,919.7,0,311.6,0,42.7,8,1
10:54:10,13,3803,0,919.7,0,311.6,0,42.7,8,1
10:54:12,12,3803,0,919.7,0,311.6,0,42.7,8,1
10:54:14,8,3804,0,919.7,0,311.6,0,42.7,8,1
10:54:16,10,3802,0,919.7,0,311.6,0,42.7,8,1
10:54:18,12,3794,0,919.7,0,311.6,0,42.7,8,1
10:54:20,24,3618,0,929.0,0,311.6,0,42.7,8,1
10:54:22,69,3612,0,931.4,0,311.6,0,42.7,8,1
10:54:24,100,3619,0,932.5,0,311.6,0,42.7,8,1
10:54:26,100,3601,0,949.2,0,311.6,0,43.1,9,1
10:54:28,100,3603,0,949.5,0,311.6,0,43.2,9,1
10:54:31,100,3656,0,882.3,0,311.6,0,43.2,9,1
10:54:33,100,3645,0,901.8,0,311.6,0,43.2,9,1
10:54:35,100,3598,0,937.7,0,311.6,0,43.4,9,1
10:54:37,100,3604,0,938.6,0,311.6,0,43.4,9,1
10:54:39,100,3606,0,940.4,0,311.6,0,43.4,9,1
10:54:41,100,3603,0,940.8,0,311.6,0,43.5,9,1
10:54:43,100,3598,0,948.4,0,311.6,0,43.6,9,1
10:54:45,100,3594,0,954.4,0,311.6,0,43.7,10,1
10:54:47,100,3595,0,955.1,0,311.6,0,43.7,10,1
10:54:49,100,3579,0,970.7,0,311.6,0,43.8,12,1
10:54:52,100,3582,0,972.8,0,311.6,0,43.9,12,1
10:54:54,100,3582,0,975.2,0,311.6,0,44.1,13,1
10:54:56,100,3586,0,975.3,0,311.6,0,44.2,13,1
10:54:58,100,3584,0,975.3,0,311.6,0,44.3,13,1
10:55:00,100,3593,0,975.4,0,311.6,0,44.4,13,1
10:55:02,100,3591,0,976.6,0,311.6,0,44.4,13,1
10:55:04,100,3589,0,978.2,0,311.6,0,44.4,13,1
10:55:06,100,3576,0,978.2,0,311.6,0,44.7,14,1
10:55:08,100,3564,0,978.2,0,311.6,0,44.8,14,1
10:55:10,100,3578,0,978.5,0,311.6,0,45.0,14,1
10:55:13,100,3584,0,978.6,0,311.6,0,45.0,14,1
10:55:15,100,3586,0,978.6,0,311.6,0,45.1,14,1
10:55:17,100,3600,0,979.4,0,311.6,0,45.2,14,1
10:55:19,100,3605,0,980.3,0,311.6,0,45.4,14,1
10:55:21,100,3607,0,980.3,0,311.6,0,45.5,14,1
10:55:23,100,3606,0,980.4,0,311.6,0,45.6,14,1
10:55:25,100,3605,0,980.9,0,311.6,0,45.6,14,1
10:55:27,100,3628,0,981.4,0,311.6,0,45.6,14,1
10:55:29,100,3618,0,982.2,0,311.6,0,45.7,14,1
10:55:31,100,3602,0,983.3,0,311.6,0,45.8,14,1
10:55:33,100,3603,0,984.9,0,311.6,0,45.8,14,1
10:55:36,100,3620,0,984.9,0,311.6,0,46.0,14,1
10:55:38,100,3611,0,984.9,0,311.6,0,46.0,14,1
10:55:40,100,3630,0,984.9,0,311.6,0,46.0,14,1
10:55:42,100,3620,0,984.9,0,311.6,0,46.1,14,1
10:55:45,100,3620,0,984.9,0,311.6,0,46.1,14,1
10:55:47,100,3621,0,985.2,0,311.6,0,46.1,14,1
10:55:49,100,3612,0,985.5,0,311.6,0,46.2,14,1
10:55:51,100,3614,0,985.5,0,311.6,0,46.3,14,1
10:55:53,100,3612,0,985.5,0,311.6,0,46.4,14,1
10:55:55,100,3621,0,985.5,0,311.6,0,46.5,14,1
10:55:57,100,3614,0,985.5,0,311.6,0,46.7,14,1
10:55:59,100,3636,0,985.5,0,311.6,0,46.8,14,1
10:56:01,100,3635,0,985.6,0,311.6,0,46.8,14,1
10:56:04,100,3633,0,985.9,0,311.6,0,46.9,14,1
10:56:06,100,3638,0,985.9,0,311.6,0,46.9,14,1
10:56:08,100,3641,0,985.9,0,311.6,0,46.9,14,1
10:56:10,100,3628,0,985.9,0,312.5,0,46.9,14,1
10:56:12,100,3629,0,985.9,0,312.5,0,46.9,14,1
10:56:14,100,3647,0,985.9,0,312.5,0,47.0,14,1
10:56:16,100,3653,0,981.7,0,312.5,0,47.0,14,1
10:56:19,100,3663,0,981.7,0,312.5,0,47.0,14,1
10:56:21,70,3811,0,981.8,0,312.5,0,47.1,14,1
10:56:23,14,3986,0,981.8,0,312.5,0,47.1,14,1
10:56:25,9,3988,0,981.8,0,312.5,0,47.1,14,1
10:56:27,7,3976,0,981.8,0,312.5,0,47.1,14,1
10:56:29,8,3973,0,981.8,0,312.5,0,47.1,14,1
10:56:31,7,3973,0,981.8,0,312.5,0,47.1,14,1
10:56:33,6,3974,0,981.8,0,312.5,0,47.1,14,1
10:56:35,6,3976,0,981.8,0,312.5,0,47.1,14,1
10:56:37,9,3977,0,981.8,0,312.5,0,47.1,14,1
10:56:39,8,3976,0,981.8,0,312.5,0,47.1,14,1
10:56:41,9,3975,0,981.8,0,312.5,0,47.1,14,1
10:56:43,8,3976,0,981.8,0,312.5,0,47.1,14,1
10:56:45,6,3976,0,981.8,0,312.5,0,47.1,14,1
10:56:47,7,3976,0,981.8,0,312.5,0,47.1,14,1
10:56:49,8,3975,0,981.8,0,312.5,0,47.1,14,1
10:56:51,8,3993,0,981.8,0,312.5,0,47.1,14,1
10:56:54,7,3985,0,981.8,0,312.5,0,47.1,14,1
10:56:56,12,3985,0,981.8,0,312.5,0,47.1,14,1
10:56:58,21,3841,0,981.8,0,312.5,0,47.1,14,1
10:57:00,46,3804,0,981.8,0,312.5,0,47.1,14,1
10:57:02,96,3822,0,981.8,0,312.5,0,47.1,14,1
10:57:04,100,3809,0,981.8,0,312.5,0,47.1,14,1
10:57:06,100,3808,0,981.8,0,312.5,0,47.1,14,1
10:57:08,100,3806,0,981.8,0,312.5,0,47.1,14,1
10:57:10,100,3795,0,981.8,0,312.5,0,47.1,14,1
10:57:12,100,3773,0,981.8,0,312.5,0,47.1,14,1
10:57:14,100,3679,0,981.8,0,312.5,0,47.4,16,1
10:57:17,100,3676,0,981.8,0,312.5,0,53.5,16,1
10:57:20,100,3679,0,981.8,0,312.5,0,53.7,16,1
10:57:22,100,3671,0,982.2,0,312.5,0,53.7,16,1
10:57:24,100,3675,0,982.3,0,312.5,0,53.8,16,1
10:57:26,100,3667,0,982.3,0,312.5,0,53.8,16,1
10:57:29,100,3625,0,982.3,0,312.5,0,53.9,16,1
10:57:31,100,3655,0,982.3,0,312.5,0,53.9,16,1
10:57:33,100,3650,0,982.3,0,312.5,0,53.9,16,1
10:57:36,100,3649,0,982.3,0,312.5,0,53.9,16,1
10:57:38,100,3653,0,982.3,0,312.5,0,54.1,16,1
10:57:40,100,3647,0,982.3,0,312.5,0,54.1,16,1
10:57:42,100,3648,0,982.3,0,312.5,0,54.1,16,1
10:57:44,100,3635,0,982.3,0,312.5,0,54.2,16,1
10:57:46,100,3639,0,982.3,0,312.5,0,54.2,16,1
10:57:49,100,3653,0,982.3,0,312.5,0,54.2,17,1
10:57:51,100,3640,0,982.3,0,312.5,0,54.2,17,1
10:57:53,100,3650,0,982.4,0,312.5,0,54.3,17,1
10:57:55,100,3647,0,982.4,0,312.5,0,54.3,17,1
10:57:57,100,3649,0,982.4,0,312.5,0,54.3,17,1
10:57:59,100,3653,0,982.4,0,312.5,0,54.4,17,1
10:58:01,100,3638,0,982.4,0,312.5,0,54.4,17,1
10:58:03,100,3639,0,982.4,0,312.5,0,54.4,17,1
10:58:06,100,3652,0,983.5,0,312.5,0,54.5,17,1
10:58:08,100,3651,0,983.6,0,312.5,0,54.5,17,1
10:58:10,100,3654,0,983.6,0,312.5,0,54.5,17,1
10:58:12,100,3652,0,983.6,0,312.5,0,54.5,17,1
10:58:14,100,3655,0,983.6,0,312.5,0,54.5,17,1
10:58:16,100,3619,0,983.6,0,312.5,0,54.6,17,1
10:58:18,100,3618,0,983.6,0,312.5,0,54.6,17,1
10:58:20,100,3545,0,1009.8,0,312.5,0,54.6,17,1
10:58:22,100,3527,0,1009.8,0,312.5,0,54.6,18,1
10:58:25,100,3523,0,1009.8,0,312.5,0,54.7,18,1
10:58:27,100,3469,0,1009.8,0,312.5,0,54.8,18,1
10:58:29,100,3450,0,1009.8,0,312.5,0,54.8,18,1
10:58:31,100,3431,0,1009.8,0,312.5,0,54.8,18,1
10:58:33,100,3484,0,1009.8,0,312.5,0,54.8,18,1
10:58:35,100,3449,0,1009.8,0,312.5,0,54.8,18,1
10:58:37,100,3463,0,1009.8,0,312.5,0,54.9,18,1
10:58:39,100,3507,0,1009.8,0,312.5,0,54.9,18,1
10:58:42,100,3480,0,1009.8,0,312.5,0,54.9,18,1
10:58:44,100,3474,0,1009.8,0,312.5,0,54.9,18,1
10:58:46,100,3476,0,1009.8,0,312.5,0,54.9,18,1
10:58:48,100,3490,0,1009.8,0,312.5,0,55.0,18,1
10:58:50,100,3499,0,1009.9,0,312.5,0,55.0,18,1
10:58:52,100,3498,0,1009.9,0,312.5,0,55.0,18,1
10:58:54,100,3499,0,1009.9,0,312.5,0,55.1,18,1
10:58:56,100,3502,0,1009.9,0,312.5,0,55.1,18,1
10:58:58,99,3512,0,1009.9,0,312.5,0,55.1,18,1
10:59:00,7,3696,0,1009.9,0,312.5,0,55.1,18,1
10:59:03,11,3697,0,1009.9,0,312.5,0,55.1,18,1
10:59:05,6,3698,0,1009.9,0,312.5,0,55.1,18,1
10:59:07,6,3700,0,1009.9,0,312.5,0,55.1,18,1
10:59:09,14,3700,0,1009.9,0,312.5,0,55.1,18,1
10:59:11,11,3702,0,1009.9,0,312.5,0,55.1,18,1
10:59:13,8,3705,0,1009.9,0,312.5,0,55.1,18,1
10:59:15,8,3703,0,1009.9,0,312.5,0,55.1,18,1
10:59:17,8,3704,0,1009.9,0,312.5,0,55.1,18,1
10:59:19,10,3703,0,1009.9,0,312.5,0,55.1,18,1
10:59:21,11,3684,0,1009.9,0,312.5,0,55.1,18,1
10:59:23,8,3698,0,1009.9,0,312.5,0,55.1,18,1
10:59:25,12,3675,0,1009.9,0,312.5,0,55.1,18,1
10:59:27,7,3674,0,1009.9,0,312.5,0,55.1,18,1
10:59:29,6,3646,0,1009.9,0,312.5,0,55.1,18,1
10:59:31,8,3640,0,1009.9,0,312.5,0,55.1,18,1
10:59:33,10,3628,0,1009.9,0,312.5,0,55.1,18,1
10:59:35,8,3631,0,1009.9,0,312.5,0,55.1,18,1
10:59:38,8,3619,0,1009.9,0,312.5,0,55.0,18,1
10:59:40,15,3596,0,1009.9,0,312.5,0,55.0,18,1
10:59:42,14,3542,0,1009.9,0,312.5,0,55.0,18,1
10:59:44,15,3494,0,1009.9,0,312.5,0,55.0,18,1
10:59:46,16,3558,0,1009.9,0,312.5,0,55.0,18,1
10:59:48,8,3574,0,1009.9,0,312.5,0,55.0,18,1
10:59:50,8,3575,0,1009.9,0,312.5,0,55.0,18,1
10:59:52,8,3571,0,1009.9,0,312.5,0,55.0,18,1
10:59:54,10,3613,0,1009.9,0,312.5,0,55.0,18,1
10:59:56,7,3622,0,1009.9,0,312.5,0,55.0,18,1
10:59:58,6,3626,0,1009.9,0,312.5,0,55.0,18,1
11:00:00,9,3604,0,1009.9,0,312.5,0,55.0,18,1
11:00:02,7,3595,0,1009.9,0,312.5,0,55.0,18,1
11:00:04,9,3590,0,1009.9,0,312.5,0,55.0,18,1
11:00:06,6,3590,0,1009.9,0,312.5,0,55.0,18,1
11:00:08,6,3586,0,1009.9,0,312.5,0,55.0,18,1
11:00:11,8,3589,0,1009.9,0,312.5,0,55.0,18,1
11:00:13,10,3587,0,1009.9,0,312.5,0,55.0,18,1
11:00:15,12,3577,0,1009.9,0,312.5,0,55.0,18,1
11:00:17,13,3575,0,1009.9,0,312.5,0,55.0,18,1
11:00:19,15,3580,0,1009.9,0,312.5,0,55.0,18,1
11:00:21,7,3585,0,1009.9,0,312.5,0,55.0,18,1
11:00:23,10,3584,0,1009.9,0,312.5,0,55.0,18,1
11:00:25,8,3561,0,1009.9,0,312.5,0,55.0,18,1
11:00:27,11,3548,0,1009.9,0,312.5,0,55.0,18,1
11:00:29,9,3520,0,1009.9,0,312.5,0,55.0,18,1
11:00:31,14,3447,0,1009.9,0,312.5,0,55.0,18,1
11:00:33,23,3463,0,1009.9,0,312.5,0,55.0,18,1
11:00:35,16,3336,0,1009.9,0,312.5,0,55.0,18,1
11:00:37,21,3294,0,1009.9,0,312.5,0,55.0,18,1
11:00:39,17,3286,0,1009.9,0,312.5,0,55.0,18,1
11:00:41,12,3289,0,1009.9,0,312.5,0,55.0,18,1
11:00:44,16,3297,0,1009.9,0,312.5,0,54.7,18,1
11:00:46,16,3296,0,1009.9,0,312.5,0,54.7,18,1
11:00:48,19,3298,0,1009.9,0,312.5,0,54.7,18,1
11:00:50,13,3303,0,1009.9,0,312.5,0,54.7,18,1
11:00:52,11,3306,0,1009.9,0,312.5,0,54.7,18,1
11:00:54,9,3322,0,1009.9,0,312.5,0,54.7,18,1
11:00:56,11,3308,0,1009.9,0,312.5,0,54.7,18,1
11:00:58,18,3306,0,1009.9,0,312.5,0,54.7,18,1
11:01:00,10,3294,0,1009.9,0,312.5,0,54.7,18,1
11:01:02,18,3281,0,1009.9,0,312.5,0,54.7,18,1
11:01:04,19,4058,0,1009.9,0,312.6,0,54.7,18,1
11:01:06,25,3881,0,1009.9,0,312.6,0,54.7,18,1
11:01:08,24,3759,0,1009.9,0,312.6,0,54.7,18,1
11:01:10,30,4421,0,1009.9,0,312.6,0,54.7,18,1
11:01:13,47,3528,0,1009.9,0,312.6,0,54.7,18,1
11:01:15,42,3204,0,1009.9,0,312.6,0,54.7,18,1
11:01:17,24,3044,0,1009.9,0,312.6,0,54.7,18,1
11:01:19,19,2879,0,1009.9,0,312.6,0,54.7,18,1
11:01:21,34,2962,0,1009.7,0,220.1,0,54.7,18,1
11:01:23,21,2845,0,1009.7,0,220.1,0,54.7,18,1
11:01:25,28,2878,0,1009.7,0,220.1,0,54.7,18,1
11:01:27,18,2878,0,1009.7,0,220.1,0,54.7,18,1
11:01:29,18,2914,0,1009.7,0,220.1,0,54.7,18,1
11:01:31,21,2904,0,1009.7,0,220.1,0,54.7,18,1
11:01:33,17,2947,0,1009.7,0,220.1,0,54.7,18,1
11:01:35,19,2892,0,1009.7,0,220.1,0,54.7,18,1
11:01:38,13,2895,0,1009.7,0,220.8,0,54.7,18,1
11:01:40,11,2902,0,1009.7,0,220.8,0,54.7,18,1
11:01:42,12,3081,0,1009.7,0,220.8,0,54.7,18,1
11:01:44,20,3273,0,1009.7,0,220.8,0,54.7,18,1
11:01:46,13,3308,0,1009.7,0,220.8,0,54.7,18,1
11:01:48,10,3310,0,1009.7,0,220.8,0,54.7,18,1
11:01:50,17,3343,0,1009.7,0,220.8,0,54.7,18,1
11:01:52,22,3237,0,1009.7,0,123.3,0,54.7,18,1
11:01:54,42,3151,0,1009.7,0,202.5,0,54.7,18,1
11:01:56,88,3155,0,1009.7,0,204.5,0,54.8,18,1
11:01:58,100,3126,0,1009.7,0,199.4,0,54.9,18,1
11:02:00,100,3108,0,1001.8,0,202.4,0,54.9,18,1
11:02:02,100,3112,0,1001.8,0,199.7,0,54.9,18,1
11:02:04,100,3116,0,1001.8,0,202.0,0,55.0,18,1
11:02:07,100,3124,0,1001.8,0,193.4,0,55.1,18,1
11:02:09,100,3105,0,1001.8,0,200.3,0,55.1,18,1
11:02:11,100,3104,0,1001.8,0,201.8,0,55.1,18,1
11:02:13,100,3119,0,1001.8,0,194.6,0,55.1,18,1
11:02:15,100,3120,0,1001.8,0,194.6,0,55.1,18,1
11:02:17,100,3115,0,1001.8,0,198.1,0,55.2,18,1
11:02:20,100,3122,0,1001.8,0,198.1,0,55.2,18,1
11:02:22,100,3121,0,1001.8,0,193.5,0,55.3,18,1
11:02:24,100,3116,0,1001.8,0,201.3,0,55.3,18,1
11:02:26,100,3111,0,1001.8,0,201.5,0,55.3,18,1
11:02:28,100,3127,0,1001.9,0,194.2,0,55.4,18,1
11:02:30,100,3125,0,1001.9,0,194.3,0,55.4,18,1
11:02:32,100,3126,0,1001.9,0,195.2,0,55.4,18,1
11:02:34,100,3117,0,1001.9,0,197.3,0,55.4,18,1
11:02:36,100,3116,0,1001.9,0,201.5,0,55.5,18,1
11:02:39,100,3112,0,1001.9,0,203.2,0,55.5,18,1
11:02:41,100,3102,0,1001.9,0,216.9,0,55.5,18,1
11:02:43,100,3121,0,1002.0,0,198.4,0,55.5,18,1
11:02:45,100,3119,0,1002.0,0,199.3,0,55.6,18,1
11:02:47,100,3112,0,1002.0,0,203.8,0,55.6,18,1
11:02:50,100,3112,0,1002.0,0,203.8,0,55.6,18,1
11:02:52,100,3117,0,1002.0,0,205.9,0,55.7,18,1
11:02:54,100,3124,0,1002.0,0,199.1,0,55.7,18,1
11:02:56,100,3116,0,1002.0,0,203.0,0,55.8,18,1
11:02:59,100,3119,0,1002.0,0,199.3,0,55.9,18,1
11:03:01,100,3120,0,1002.0,0,200.1,0,55.9,18,1
11:03:03,100,3122,0,1002.0,0,200.2,0,55.9,18,1
11:03:05,100,3132,0,1002.0,0,200.2,0,55.9,18,1
11:03:07,100,3132,0,1002.0,0,200.7,0,56.0,18,1
11:03:09,100,3132,0,1002.0,0,203.4,0,56.0,18,1
11:03:11,100,3107,0,1002.3,0,206.5,0,56.0,18,1
11:03:14,100,3104,0,1002.3,0,208.7,0,56.0,18,1
11:03:16,100,3116,0,1002.3,0,210.4,0,56.0,18,1
11:03:18,100,3118,0,1002.3,0,207.4,0,56.0,18,1
11:03:20,100,3104,0,1002.3,0,212.0,0,56.0,18,1
11:03:22,100,3099,0,1002.2,0,208.2,0,56.1,18,1
11:03:25,100,3065,0,1002.2,0,223.2,0,56.1,18,1
11:03:27,100,3080,0,996.1,0,225.1,0,56.1,18,1
11:03:29,100,3110,0,996.3,0,212.9,0,56.1,18,1
11:03:32,100,3434,0,996.3,0,212.9,0,56.2,18,1
11:03:34,100,3432,0,996.3,0,208.5,0,56.2,18,1
11:03:36,100,3485,0,996.3,0,208.5,0,56.2,18,1
11:03:38,100,3517,0,996.3,0,208.5,0,56.2,18,1
11:03:40,100,3516,0,996.3,0,208.5,0,56.3,18,1
11:03:43,100,3499,0,996.3,0,230.0,0,56.3,18,1
11:03:45,100,3483,0,996.3,0,237.5,0,56.4,18,1
11:03:47,100,3485,0,996.3,0,237.5,0,56.4,18,1
11:03:49,100,3511,0,996.3,0,211.4,0,56.4,18,1
11:03:51,100,3515,0,996.3,0,211.6,0,56.4,18,1
11:03:53,99,3510,0,996.3,0,214.8,0,56.5,18,1
11:03:55,29,3294,0,996.3,0,396.8,0,56.5,18,1
11:03:57,17,3682,0,996.3,0,221.0,0,56.5,18,1
11:03:59,20,3678,0,996.3,0,221.0,0,56.5,18,1
11:04:01,9,3682,0,996.3,0,221.0,0,56.5,18,1
11:04:03,10,3699,0,996.3,0,221.0,0,56.5,18,1
11:04:05,9,3700,0,996.3,0,221.0,0,56.5,18,1
11:04:07,11,3699,0,996.3,0,221.0,0,56.5,18,1
11:04:10,9,3697,0,996.3,0,221.0,0,56.5,18,1
11:04:12,6,3697,0,996.3,0,221.0,0,56.5,18,1
11:04:14,6,3699,0,996.3,0,221.0,0,56.5,18,1
11:04:16,9,3699,0,996.3,0,221.0,0,56.5,18,1
11:04:18,9,3699,0,996.3,0,221.0,0,56.5,18,1
11:04:20,6,3701,0,996.3,0,221.0,0,56.5,18,1
11:04:22,8,3702,0,996.3,0,221.0,0,56.5,18,1
11:04:24,6,3712,0,996.3,0,221.0,0,56.5,18,1
11:04:26,7,3715,0,996.3,0,221.0,0,56.5,18,1
11:04:28,7,3717,0,996.3,0,221.0,0,56.5,18,1
11:04:30,7,3719,0,996.3,0,221.0,0,56.5,18,1
11:04:32,6,3717,0,996.3,0,221.0,0,56.5,18,1
11:04:34,7,3719,0,996.3,0,221.0,0,56.5,18,1
11:04:36,9,3720,0,996.3,0,221.0,0,56.5,18,1
11:04:38,8,3721,0,996.3,0,221.0,0,56.5,18,1
11:04:40,10,3723,0,996.3,0,221.0,0,56.5,18,1
11:04:43,11,3726,0,996.3,0,221.1,0,56.5,18,1
11:04:45,9,3720,0,996.3,0,221.1,0,56.5,18,1
11:04:47,5,3723,0,996.3,0,221.1,0,56.5,18,1
11:04:49,8,3722,0,996.3,0,221.1,0,56.5,18,1
11:04:51,8,3724,0,996.3,0,221.1,0,56.5,18,1
11:04:53,5,3725,0,996.3,0,221.1,0,56.5,18,1
11:04:55,7,3727,0,996.3,0,221.1,0,56.5,18,1
11:04:57,6,3727,0,996.3,0,221.1,0,56.5,18,1
11:04:59,8,3728,0,996.3,0,221.1,0,56.5,18,1
11:05:01,8,3739,0,996.3,0,221.1,0,56.5,18,1
11:05:03,9,3738,0,996.3,0,221.1,0,56.5,18,1
11:05:05,10,3738,0,996.3,0,221.1,0,56.5,18,1
11:05:07,11,3763,0,996.3,0,221.1,0,56.5,18,1
11:05:09,9,3765,0,996.3,0,221.1,0,56.5,18,1
11:05:11,10,3767,0,996.3,0,221.1,0,56.1,18,1
11:05:14,10,3768,0,996.3,0,221.1,0,56.1,18,1
11:05:16,5,3769,0,996.3,0,221.1,0,56.1,18,1
11:05:18,13,3809,0,996.3,0,221.1,0,56.1,18,1
11:05:20,13,3781,0,996.3,0,221.1,0,56.1,18,1
11:05:22,9,3781,0,996.3,0,221.1,0,56.1,18,1
11:05:24,9,3784,0,996.3,0,221.1,0,56.1,18,1
11:05:26,8,3784,0,996.3,0,221.1,0,56.1,18,1
11:05:28,6,3794,0,996.3,0,221.1,0,56.1,18,1
11:05:30,9,3792,0,996.3,0,221.1,0,56.1,18,1
11:05:32,5,3793,0,996.3,0,221.1,0,56.1,18,1
11:05:34,10,3792,0,996.3,0,221.2,0,56.1,18,1
11:05:36,6,3794,0,996.3,0,221.2,0,56.1,18,1
11:05:38,7,3783,0,996.3,0,221.2,0,56.1,18,1
11:05:40,7,3784,0,996.3,0,221.2,0,56.1,18,1
11:05:42,12,3765,0,996.3,0,221.2,0,56.1,18,1
11:05:45,16,3698,0,996.3,0,221.2,0,56.1,18,1
11:05:47,18,3625,0,996.3,0,221.2,0,56.1,18,1
11:05:49,18,3588,0,996.3,0,221.2,0,56.1,18,1
11:05:51,15,3581,0,996.3,0,221.2,0,56.1,18,1
11:05:53,13,3568,0,996.3,0,221.2,0,56.1,18,1
11:05:55,16,3577,0,996.3,0,221.2,0,56.1,18,1
11:05:57,22,3479,0,996.3,0,221.2,0,56.1,18,1
11:05:59,20,3433,0,996.3,0,221.2,0,56.1,18,1
11:06:01,16,3429,0,996.3,0,221.2,0,56.1,18,1
11:06:03,13,3445,0,996.3,0,221.2,0,56.1,18,1
11:06:05,13,3448,0,996.3,0,221.2,0,56.1,18,1
11:06:07,12,3460,0,996.3,0,221.2,0,56.1,18,1
11:06:09,16,3467,0,996.3,0,221.2,0,56.1,18,1
11:06:11,15,3479,0,996.3,0,221.2,0,56.1,18,1
11:06:13,13,3488,0,996.3,0,221.3,0,56.1,18,1
11:06:15,18,3497,0,996.3,0,221.3,0,56.1,18,1
11:06:18,16,3509,0,996.3,0,214.7,0,56.1,18,1
11:06:20,17,3490,0,996.3,0,214.7,0,56.1,18,1
11:06:22,24,3357,0,936.8,0,154.2,0,55.9,18,1
11:06:24,25,3625,0,936.8,0,154.2,0,55.9,18,1
11:06:26,21,3623,0,936.8,0,154.2,0,55.9,18,1
11:06:28,14,3621,0,936.8,0,154.2,0,55.9,18,1
11:06:30,17,3617,0,936.8,0,154.2,0,55.9,18,1
11:06:32,17,3616,0,936.8,0,154.2,0,55.9,18,1
11:06:34,14,3613,0,936.8,0,154.2,0,55.9,18,1
11:06:36,20,3612,0,936.8,0,154.2,0,55.9,18,1
11:06:38,23,3621,0,936.8,0,154.2,0,55.9,18,1
11:06:40,16,3601,0,936.8,0,154.2,0,55.9,18,1
11:06:42,19,3616,0,936.8,0,154.2,0,55.9,18,1
11:06:44,16,3612,0,936.8,0,154.2,0,55.9,18,1
11:06:46,19,3616,0,936.8,0,154.3,0,55.9,18,1
11:06:49,18,3623,0,936.8,0,154.3,0,55.9,18,1
11:06:51,20,3632,0,936.8,0,154.3,0,55.9,18,1
11:06:53,23,3641,0,936.8,0,154.3,0,55.9,18,1
11:06:55,19,3639,0,936.8,0,154.3,0,55.9,18,1
11:06:57,15,3636,0,936.8,0,154.3,0,55.9,18,1
11:06:59,22,3639,0,936.8,0,154.3,0,55.9,18,1
11:07:01,13,3638,0,936.8,0,154.3,0,55.9,18,1
11:07:03,15,3640,0,936.8,0,154.3,0,55.9,18,1
11:07:05,15,3636,0,936.8,0,154.3,0,55.9,18,1
11:07:07,12,3635,0,936.8,0,154.3,0,55.9,18,1
11:07:09,19,3630,0,936.8,0,154.3,0,55.9,18,1
11:07:11,16,3631,0,936.8,0,154.3,0,55.9,18,1
11:07:13,15,3627,0,936.8,0,154.3,0,55.9,18,1
11:07:15,19,3630,0,936.8,0,154.3,0,55.9,18,1
11:07:17,16,3622,0,936.8,0,154.3,0,55.9,18,1
11:07:20,12,3635,0,936.8,0,154.3,0,55.9,18,1
11:07:22,22,3620,0,936.8,0,154.3,0,55.9,18,1
11:07:24,18,3623,0,936.8,0,154.3,0,55.9,18,1
11:07:26,15,3617,0,936.8,0,154.3,0,55.9,18,1
11:07:28,16,3616,0,936.8,0,154.3,0,55.9,18,1
11:07:30,17,3615,0,936.8,0,154.4,0,55.9,18,1
11:07:32,15,3607,0,936.8,0,154.4,0,55.9,18,1
11:07:34,13,3616,0,936.8,0,154.4,0,55.9,18,1
11:07:36,14,3601,0,936.8,0,154.4,0,55.9,18,1
11:07:38,16,3603,0,936.8,0,154.4,0,55.9,18,1
11:07:40,17,3605,0,936.8,0,154.4,0,55.9,18,1
11:07:42,14,3608,0,936.8,0,154.4,0,55.9,18,1
11:07:44,12,3600,0,936.8,0,154.4,0,55.9,18,1
11:07:46,16,3604,0,936.8,0,154.4,0,55.9,18,1
11:07:48,11,3602,0,936.8,0,154.4,0,55.9,18,1
11:07:51,13,3610,0,936.8,0,154.4,0,55.9,18,1
11:07:53,14,3607,0,936.8,0,154.4,0,55.9,18,1
11:07:55,12,3624,0,936.8,0,154.4,0,55.9,18,1
11:07:57,23,3606,0,936.8,0,154.4,0,55.9,18,1
11:07:59,19,3624,0,936.8,0,154.4,0,55.9,18,1
11:08:01,19,3620,0,936.8,0,154.4,0,55.9,18,1
11:08:03,16,3622,0,936.8,0,154.4,0,55.9,18,1
11:08:05,14,3693,0,936.8,0,154.4,0,55.9,18,1
11:08:07,12,3717,0,936.8,0,154.4,0,55.9,18,1
11:08:09,15,3693,0,936.8,0,154.4,0,55.9,18,1
11:08:11,16,3691,0,936.8,0,154.4,0,55.9,18,1
11:08:13,21,3709,0,936.8,0,154.4,0,55.9,18,1
11:08:15,18,3658,0,936.8,0,154.4,0,55.9,18,1
11:08:17,15,3607,0,936.8,0,154.4,0,55.9,18,1
11:08:20,14,3576,0,936.8,0,154.4,0,55.9,18,1
11:08:22,14,3604,0,936.8,0,154.4,0,55.9,18,1
11:08:24,14,3592,0,936.8,0,154.5,0,55.9,18,1
11:08:26,17,3593,0,936.8,0,154.5,0,55.9,18,1
11:08:28,21,3789,0,936.8,0,154.5,0,55.9,18,1
11:08:30,18,3769,0,936.8,0,154.5,0,55.9,18,1
11:08:32,13,3857,0,936.8,0,154.5,0,55.9,18,1
11:08:34,13,3845,0,936.8,0,154.5,0,55.9,18,1
11:08:36,22,3654,0,936.8,0,200.6,0,55.9,18,1
11:08:38,89,3564,0,937.4,0,211.8,0,56.0,18,1
11:08:41,100,3554,0,937.4,0,193.6,0,56.0,18,1
11:08:43,100,3516,0,937.4,0,199.5,0,56.1,18,1
11:08:45,100,3521,0,938.1,0,197.0,0,56.2,18,1
11:08:48,100,3531,0,938.1,0,198.4,0,56.4,19,1
11:08:50,100,3537,0,938.1,0,193.6,0,56.8,21,1
11:08:52,100,3512,0,944.1,0,203.8,0,57.0,21,1
11:08:54,100,3495,0,944.4,0,212.1,0,57.0,21,1
11:08:57,100,3478,0,944.4,0,203.9,0,57.0,21,1
11:08:59,100,3499,0,944.4,0,203.9,0,57.1,21,1
11:09:01,100,3497,0,944.4,0,208.2,0,57.1,21,1
11:09:03,100,3499,0,944.4,0,208.3,0,57.2,21,1
11:09:05,100,3469,0,944.4,0,202.1,0,57.3,21,1
11:09:07,100,3487,0,944.4,0,213.0,0,57.3,21,1
11:09:10,100,3494,0,944.4,0,213.2,0,57.3,21,1
11:09:12,100,3502,0,944.4,0,202.1,0,57.4,21,1
11:09:14,100,3488,0,944.4,0,211.7,0,57.4,21,1
11:09:16,100,3476,0,944.4,0,208.7,0,57.5,21,1
11:09:18,100,3479,0,944.4,0,210.0,0,57.5,21,1
11:09:20,100,3471,0,944.4,0,209.7,0,57.5,21,1
11:09:22,100,3469,0,944.7,0,218.7,0,57.5,21,1
11:09:25,100,3445,0,944.7,0,226.2,0,57.5,21,1
11:09:27,100,3453,0,944.7,0,210.2,0,57.5,21,1
11:09:29,100,3442,0,944.7,0,214.5,0,57.6,21,1
11:09:31,100,3418,0,944.7,0,208.7,0,57.7,21,1
11:09:33,100,3408,0,944.7,0,214.4,0,57.7,21,1
11:09:36,100,3409,0,944.7,0,209.6,0,57.7,21,1
11:09:38,100,3423,0,944.8,0,210.8,0,57.7,21,1
11:09:40,100,3347,0,944.8,0,210.8,0,57.8,21,1
11:09:42,100,3376,0,944.8,0,210.9,0,57.8,21,1
11:09:45,100,3428,0,944.8,0,211.1,0,57.8,21,1
11:09:47,100,3420,0,944.8,0,214.7,0,57.8,21,1
11:09:49,100,3423,0,944.8,0,214.7,0,57.9,21,1
11:09:51,100,3412,0,944.8,0,214.7,0,57.9,21,1
11:09:53,100,3487,0,944.8,0,217.8,0,57.9,21,1
11:09:55,100,3478,0,944.8,0,217.9,0,57.9,21,1
11:09:58,100,3451,0,944.8,0,213.4,0,57.9,21,1
11:10:00,100,3481,0,944.8,0,215.1,0,57.9,21,1
11:10:02,100,3439,0,944.8,0,213.9,0,57.9,21,1
11:10:04,100,3448,0,945.3,0,221.0,0,58.0,21,1
11:10:06,100,3486,0,945.3,0,214.6,0,58.0,21,1
11:10:08,100,3447,0,945.3,0,232.0,0,58.0,21,1
11:10:11,100,3490,0,945.3,0,223.4,0,58.0,21,1
11:10:13,100,3483,0,945.3,0,228.1,0,58.1,21,1
11:10:15,100,3508,0,945.3,0,237.0,0,58.1,21,1
11:10:18,100,3535,0,945.3,0,213.8,0,58.2,21,1
11:10:20,100,3528,0,945.3,0,214.4,0,58.2,21,1
11:10:22,100,3525,0,945.3,0,217.1,0,58.2,21,1
11:10:24,100,3514,0,945.3,0,220.6,0,58.2,21,1
11:10:26,100,3511,0,945.3,0,231.4,0,58.3,21,1
11:10:28,100,3488,0,945.3,0,253.0,0,58.3,21,1
11:10:31,100,3488,0,945.3,0,256.8,0,58.3,21,1
11:10:33,100,3515,0,945.3,0,237.5,0,58.4,21,1
11:10:35,100,3511,0,945.3,0,241.2,0,58.4,21,1
11:10:37,100,3508,0,945.3,0,252.9,0,58.4,21,1
11:10:39,42,3284,0,945.3,0,421.0,0,58.4,21,1
11:10:41,24,3665,0,945.3,0,154.7,0,58.4,21,1
11:10:43,31,3701,0,945.3,0,154.7,0,58.4,21,1
11:10:45,14,3710,0,945.3,0,154.7,0,58.4,21,1
11:10:47,15,3713,0,945.3,0,154.7,0,58.4,21,1
11:10:49,12,3726,0,945.3,0,154.8,0,58.4,21,1
11:10:51,11,3728,0,945.3,0,154.8,0,58.4,21,1
11:10:54,16,3710,0,945.3,0,154.8,0,58.4,21,1
11:10:56,22,3698,0,945.3,0,154.8,0,58.4,21,1
11:10:58,12,3712,0,945.3,0,154.8,0,58.4,21,1
11:11:00,9,3707,0,945.3,0,154.8,0,58.4,21,1
11:11:02,9,3711,0,945.3,0,154.8,0,58.4,21,1
11:11:04,6,3713,0,945.3,0,154.8,0,58.4,21,1
11:11:06,11,3714,0,945.3,0,154.8,0,58.4,21,1
11:11:08,8,3714,0,945.3,0,154.8,0,58.4,21,1
11:11:10,6,3713,0,945.3,0,154.8,0,58.4,21,1
11:11:12,11,3715,0,945.3,0,154.8,0,58.4,21,1
11:11:14,7,3712,0,945.3,0,154.8,0,58.4,21,1
11:11:16,14,3711,0,945.3,0,154.8,0,58.4,21,1
11:11:18,11,3718,0,945.3,0,154.8,0,58.4,21,1
11:11:20,10,3720,0,945.3,0,154.8,0,58.4,21,1
11:11:22,16,3724,0,945.3,0,154.8,0,57.6,21,1
11:11:25,11,3769,0,945.0,0,144.7,0,57.6,21,1
11:11:27,11,3768,0,945.0,0,144.7,0,57.6,21,1
11:11:29,7,3768,0,945.0,0,144.8,0,57.6,21,1
11:11:31,6,3765,0,945.0,0,144.8,0,57.6,21,1
11:11:33,10,3730,0,945.0,0,144.8,0,57.6,21,1
11:11:35,12,3725,0,945.0,0,144.8,0,57.6,21,1
11:11:37,13,3710,0,945.0,0,144.8,0,57.6,21,1
11:11:39,14,3728,0,945.0,0,144.8,0,57.6,21,1
11:11:41,14,3729,0,945.0,0,144.8,0,57.6,21,1
11:11:43,23,3567,0,945.0,0,144.8,0,57.6,21,1
11:11:45,81,3525,0,945.0,0,144.8,0,57.7,21,1
11:11:47,100,3537,0,945.0,0,144.8,0,57.8,21,1
11:11:49,100,3529,0,946.4,0,144.8,0,57.8,21,1
11:11:52,100,3527,0,949.2,0,144.8,0,57.8,21,1
11:11:54,100,3520,0,956.6,0,144.8,0,57.8,21,1
11:11:56,100,3525,0,956.7,0,144.8,0,57.9,21,1
11:11:59,100,3537,0,956.7,0,144.8,0,58.0,21,1
11:12:02,100,3530,0,956.7,0,144.8,0,58.1,21,1
11:12:04,100,3589,0,961.2,0,144.8,0,58.1,21,1
11:12:07,100,3596,0,961.5,0,144.8,0,58.1,21,1
11:12:10,100,3593,0,961.5,0,144.8,0,58.1,21,1
11:12:12,100,3589,0,961.5,0,144.8,0,58.2,21,1
11:12:16,100,3578,0,961.5,0,144.8,0,58.2,21,1
11:12:18,100,3572,0,962.2,0,144.8,0,58.3,21,1
11:12:21,100,3561,0,962.2,0,144.8,0,58.3,21,1
11:12:23,100,3561,0,962.2,0,144.8,0,58.3,21,1
11:12:26,100,3564,0,962.2,0,144.9,0,58.3,21,1
11:12:28,100,3569,0,962.2,0,144.9,0,58.4,21,1
11:12:31,100,3495,0,962.8,0,144.8,0,58.5,21,1
11:12:34,100,3507,0,962.8,0,144.8,0,58.5,21,1
11:12:38,100,3509,0,962.8,0,144.9,0,58.5,21,1
11:12:41,100,3510,0,962.8,0,144.9,0,58.6,21,1
11:12:44,100,3536,0,963.0,0,144.9,0,58.6,21,1
11:12:48,100,3509,0,963.1,0,144.9,0,58.6,21,1
11:12:51,100,3509,0,963.2,0,144.9,0,58.7,21,1
11:12:53,100,3534,0,963.2,0,144.9,0,58.7,21,1
11:12:56,100,3528,0,963.8,0,144.9,0,58.7,21,1
11:12:58,100,3531,0,963.8,0,144.9,0,58.7,21,1
11:13:02,100,3527,0,963.8,0,144.9,0,58.8,21,1
11:13:05,100,3533,0,963.8,0,144.9,0,58.8,21,1
11:13:07,100,3532,0,963.9,0,144.9,0,58.9,21,1
11:13:10,100,3524,0,963.9,0,145.0,0,58.9,21,1
11:13:13,100,3523,0,963.9,0,145.0,0,58.9,21,1
11:13:16,100,3696,0,964.0,0,145.0,0,59.0,21,1
11:13:19,100,3721,0,964.2,0,145.0,0,59.0,21,1
11:13:23,100,3716,0,964.4,0,145.0,0,59.1,21,1
11:13:26,100,3697,0,964.4,0,145.0,0,59.1,21,1
11:13:29,100,3694,0,964.4,0,145.0,0,59.1,21,1
11:13:32,100,3692,0,964.4,0,145.0,0,59.2,21,1
11:13:35,100,3697,0,964.4,0,145.0,0,59.2,21,1
11:13:39,100,3699,0,964.4,0,145.0,0,59.2,21,1
11:13:41,100,3693,0,964.4,0,145.0,0,59.2,21,1
11:13:44,100,3685,0,964.4,0,145.0,0,59.2,21,1
11:13:47,51,3479,0,964.4,0,145.0,0,59.3,21,1
11:13:49,21,3937,0,964.4,0,145.0,0,59.3,21,1
11:13:51,25,3933,0,964.3,0,145.0,0,59.3,21,1
11:13:53,10,3944,0,964.3,0,145.0,0,59.3,21,1
11:13:55,6,3941,0,964.3,0,145.0,0,59.3,21,1
11:13:57,8,3954,0,964.3,0,145.0,0,59.3,21,1
11:13:59,9,3956,0,964.3,0,145.0,0,59.3,21,1
11:14:01,6,3959,0,964.3,0,145.0,0,59.3,21,1
11:14:03,7,3959,0,964.3,0,145.0,0,59.3,21,1
11:14:05,10,3962,0,964.3,0,145.1,0,59.3,21,1
11:14:07,7,3964,0,964.3,0,145.1,0,59.3,21,1
11:14:09,8,3964,0,964.3,0,145.1,0,59.3,21,1
11:14:11,9,3965,0,964.3,0,145.1,0,59.3,21,1
11:14:14,6,3967,0,964.3,0,145.1,0,59.3,21,1
11:14:16,8,3969,0,964.3,0,145.1,0,59.3,21,1
11:14:18,7,3971,0,964.3,0,145.1,0,59.3,21,1
11:14:20,8,3973,0,964.3,0,145.1,0,59.3,21,1
11:14:22,6,3975,0,964.3,0,145.1,0,59.3,21,1
11:14:24,6,3973,0,964.3,0,145.1,0,59.3,21,1
11:14:26,9,3972,0,964.3,0,145.1,0,59.3,21,1
11:14:28,6,3974,0,964.3,0,145.1,0,59.3,21,1
11:14:30,5,3973,0,964.3,0,145.1,0,59.3,21,1
11:14:32,7,3972,0,964.3,0,145.1,0,59.3,21,1
11:14:34,8,3976,0,964.3,0,145.1,0,59.3,21,1
11:14:36,8,3973,0,964.3,0,145.1,0,59.3,21,1
11:14:38,8,3970,0,964.3,0,145.1,0,59.3,21,1
11:14:40,11,3968,0,964.3,0,145.1,0,59.3,21,1
11:14:42,18,3966,0,964.3,0,145.1,0,59.3,21,1
11:14:44,23,3944,0,964.2,0,145.1,0,59.3,21,1
11:14:47,9,3965,0,957.9,0,145.1,0,59.3,21,1
11:14:49,10,3966,0,957.9,0,145.1,0,59.3,21,1
11:14:51,11,3965,0,957.9,0,145.1,0,59.3,21,1
11:14:53,11,3973,0,957.9,0,145.1,0,59.3,21,1
11:14:55,40,3760,0,957.9,0,220.5,0,59.3,21,1
11:14:57,100,3762,0,958.1,0,225.1,0,59.3,21,1
11:14:59,100,3727,0,960.8,0,209.2,0,59.3,21,1
11:15:01,100,3780,0,965.5,0,221.7,0,59.4,21,1
11:15:05,100,3765,0,970.0,0,232.9,0,59.4,21,1
11:15:08,100,3773,0,970.0,0,229.6,0,59.4,21,1
11:15:12,100,3767,0,977.7,0,238.1,0,59.6,21,1
11:15:14,100,3775,0,977.7,0,232.1,0,59.9,21,1
11:15:18,100,3774,0,977.7,0,237.1,0,60.0,21,1
11:15:21,100,3774,0,978.7,0,246.3,0,60.4,21,1
11:15:25,100,3771,0,978.7,0,242.9,0,60.5,21,1
11:15:29,100,3771,0,978.7,0,245.6,0,60.6,21,1
11:15:33,100,3768,0,981.2,0,236.9,0,60.7,21,1
11:15:36,100,3762,0,981.2,0,251.1,0,60.8,21,1
11:15:40,100,3757,0,981.2,0,248.6,0,61.0,21,1
11:15:44,100,3752,0,981.2,0,245.0,0,61.1,21,1
11:15:47,100,3758,0,981.2,0,241.2,0,61.2,21,1
11:15:52,100,3753,0,981.2,0,248.3,0,61.4,21,1
11:15:55,100,3754,0,981.2,0,243.2,0,61.4,21,1
11:15:59,100,3748,0,981.2,0,251.7,0,61.5,21,1
11:16:03,100,3746,0,981.2,0,262.1,0,61.6,21,1
11:16:07,100,3731,0,981.3,0,277.2,0,61.8,21,1
11:16:10,100,3731,0,981.3,0,277.7,0,61.9,21,1
11:16:14,100,3726,0,982.1,0,270.2,0,62.0,21,1
11:16:17,100,3705,0,982.1,0,277.1,0,62.2,21,1
11:16:21,100,3685,0,982.1,0,298.9,0,62.2,21,1
11:16:25,100,3728,0,982.4,0,285.4,0,62.2,21,1
11:16:28,100,3736,0,982.4,0,271.6,0,62.4,21,1
11:16:32,100,3739,0,982.4,0,272.0,0,62.4,21,1
11:16:36,100,3739,0,982.4,0,272.6,0,62.5,21,1
11:16:39,100,3724,0,982.4,0,290.8,0,62.5,21,1
11:16:43,100,3721,0,982.4,0,281.8,0,62.6,21,1
11:16:46,100,3723,0,982.4,0,289.9,0,62.6,21,1
11:16:50,100,3714,0,984.2,0,297.3,0,62.7,21,1
11:16:54,100,3707,0,984.2,0,304.7,0,62.7,21,1
11:16:57,90,3730,0,984.2,0,516.4,0,62.7,21,1
11:16:59,26,3904,0,984.2,0,226.1,0,62.7,21,1
11:17:02,23,4163,0,984.2,0,119.3,0,62.7,21,1
11:17:04,10,4191,0,984.2,0,119.3,0,62.7,21,1
11:17:06,9,4191,0,984.2,0,119.3,0,62.7,21,1
11:17:08,10,4208,0,984.2,0,119.3,0,62.7,21,1
11:17:10,11,4209,0,984.2,0,119.3,0,62.7,21,1
11:17:12,16,4192,0,984.2,0,119.4,0,62.7,21,1
11:17:14,14,4195,0,984.2,0,119.4,0,62.7,21,1
11:17:16,13,4198,0,984.2,0,119.4,0,62.7,21,1
11:17:18,8,4203,0,984.2,0,119.8,0,62.7,21,1
11:17:20,7,4201,0,984.2,0,119.8,0,62.7,21,1
11:17:22,8,4203,0,984.2,0,119.8,0,62.7,21,1
11:17:24,11,4180,0,984.2,0,119.8,0,62.7,21,1
11:17:26,11,4173,0,984.2,0,119.8,0,62.7,21,1
11:17:28,9,4164,0,984.2,0,119.8,0,62.7,21,1
11:17:30,7,4158,0,984.2,0,119.8,0,62.7,21,1
11:17:32,9,4147,0,984.2,0,119.8,0,62.7,21,1
11:17:35,8,4130,0,984.2,0,119.8,0,62.7,21,1
11:17:37,11,4120,0,984.2,0,119.8,0,62.7,21,1
11:17:39,10,4108,0,984.2,0,119.8,0,62.7,21,1
11:17:41,10,4018,0,984.2,0,119.8,0,62.7,21,1
11:17:43,14,3976,0,984.2,0,119.8,0,62.7,21,1
11:17:45,12,3946,0,984.2,0,119.8,0,62.7,21,1
11:17:47,11,3941,0,984.2,0,119.8,0,62.7,21,1
11:17:49,11,3913,0,984.2,0,119.8,0,62.7,21,1
11:17:51,10,3878,0,984.2,0,119.8,0,62.7,21,1
11:17:53,10,3867,0,984.2,0,119.8,0,62.7,21,1
11:17:55,10,3867,0,984.2,0,119.8,0,62.7,21,1
11:17:57,9,3871,0,972.0,0,119.8,0,62.7,21,1
11:17:59,12,3871,0,972.0,0,119.8,0,62.7,21,1
11:18:01,11,3872,0,971.9,0,119.8,0,62.7,21,1
11:18:04,9,3873,0,971.9,0,119.8,0,62.7,21,1
11:18:06,8,3877,0,971.9,0,119.8,0,62.7,21,1
11:18:08,12,3866,0,971.9,0,119.8,0,62.7,21,1
11:18:10,10,3865,0,971.9,0,119.9,0,62.7,21,1
11:18:12,11,3862,0,971.9,0,119.9,0,62.7,21,1
11:18:14,10,3865,0,971.9,0,119.9,0,62.7,21,1
11:18:16,10,3865,0,971.9,0,119.9,0,62.7,21,1
11:18:18,10,3863,0,971.9,0,119.9,0,62.7,21,1
11:18:20,11,3864,0,971.9,0,119.9,0,62.7,21,1
11:18:22,9,3865,0,971.9,0,119.9,0,62.7,21,1
11:18:24,13,3840,0,971.9,0,119.9,0,62.7,21,1
11:18:26,9,3845,0,971.9,0,119.9,0,62.7,21,1
11:18:28,10,3846,0,971.9,0,119.9,0,62.7,21,1
11:18:31,12,3859,0,971.9,0,119.9,0,62.7,21,1
11:18:33,11,3861,0,971.9,0,119.9,0,62.7,21,1
11:18:35,8,3861,0,971.9,0,119.9,0,62.7,21,1
11:18:37,7,3857,0,971.9,0,119.9,0,62.1,21,1
11:18:39,8,3856,0,971.9,0,119.9,0,62.1,21,1
11:18:41,8,3857,0,971.9,0,119.9,0,62.1,21,1
11:18:43,9,3857,0,971.9,0,119.9,0,62.1,21,1
11:18:45,12,3866,0,971.9,0,119.9,0,62.1,21,1
11:18:47,10,3871,0,971.9,0,119.9,0,62.1,21,1
11:18:49,9,3872,0,971.9,0,119.9,0,62.1,21,1
11:18:51,9,3867,0,971.9,0,119.9,0,62.1,21,1
11:18:53,10,3872,0,971.9,0,119.9,0,62.1,21,1
11:18:55,8,3867,0,971.9,0,119.9,0,62.1,21,1
11:18:58,8,3864,0,971.9,0,119.9,0,62.1,21,1
11:19:00,7,3861,0,971.9,0,119.9,0,62.1,21,1
11:19:02,9,3864,0,971.9,0,119.9,0,62.1,21,1
11:19:04,8,3864,0,971.9,0,119.9,0,62.1,21,1
11:19:06,12,3864,0,971.9,0,120.0,0,62.1,21,1
11:19:08,17,3865,0,971.9,0,120.0,0,62.1,21,1
11:19:10,13,3850,0,971.9,0,120.0,0,62.1,21,1
11:19:12,8,3844,0,971.9,0,120.0,0,62.1,21,1
11:19:14,11,3847,0,971.9,0,120.0,0,62.1,21,1
11:19:16,9,3853,0,971.9,0,120.0,0,62.1,21,1
11:19:18,10,3858,0,971.9,0,120.0,0,62.1,21,1
11:19:20,11,3856,0,971.9,0,120.0,0,62.1,21,1
11:19:22,8,3858,0,971.9,0,120.0,0,62.1,21,1
11:19:25,10,3853,0,971.9,0,120.0,0,62.1,21,1
11:19:27,8,3851,0,971.9,0,120.0,0,62.1,21,1
11:19:29,11,3842,0,971.9,0,120.0,0,62.1,21,1
11:19:31,8,3841,0,971.9,0,120.0,0,62.1,21,1
11:19:33,7,3842,0,971.9,0,120.0,0,62.1,21,1
11:19:35,8,3841,0,971.9,0,120.0,0,62.1,21,1
11:19:37,14,3837,0,971.9,0,120.0,0,62.1,21,1
11:19:39,10,3842,0,971.9,0,120.0,0,62.1,21,1
11:19:41,8,3839,0,971.9,0,120.0,0,62.1,21,1
11:19:43,8,3840,0,971.9,0,120.0,0,62.1,21,1
11:19:45,6,3839,0,971.9,0,120.0,0,62.1,21,1
11:19:47,8,3842,0,971.9,0,120.0,0,62.1,21,1
11:19:49,9,3842,0,971.9,0,120.0,0,62.1,21,1
11:19:52,8,3841,0,971.9,0,120.0,0,62.1,21,1
11:19:54,10,3839,0,971.9,0,120.0,0,62.1,21,1
11:19:56,12,3840,0,971.9,0,120.1,0,62.1,21,1
11:19:58,15,3839,0,971.9,0,120.1,0,62.1,21,1
11:20:00,13,3815,0,971.9,0,120.1,0,62.1,21,1
11:20:02,11,3793,0,971.9,0,120.1,0,62.1,21,1
11:20:04,7,3799,0,971.9,0,120.1,0,62.1,21,1
11:20:06,8,3792,0,971.9,0,120.1,0,62.1,21,1
11:20:08,8,3793,0,971.9,0,120.1,0,62.1,21,1
11:20:10,6,3790,0,971.9,0,120.1,0,62.1,21,1
11:20:12,12,3809,0,971.9,0,120.1,0,62.1,21,1
11:20:14,9,3808,0,971.9,0,120.1,0,62.1,21,1
11:20:16,11,3808,0,971.9,0,120.1,0,62.1,21,1
11:20:19,9,3810,0,971.9,0,120.1,0,62.1,21,1
11:20:21,9,3808,0,971.9,0,120.1,0,62.1,21,1
11:20:23,10,3809,0,971.9,0,120.1,0,62.1,21,1
11:20:25,10,3809,0,971.9,0,120.1,0,62.1,21,1
11:20:27,12,3808,0,971.9,0,120.1,0,62.1,21,1
11:20:29,9,3808,0,971.9,0,120.1,0,62.1,21,1
11:20:31,10,3805,0,971.9,0,120.1,0,62.1,21,1
11:20:33,9,3807,0,971.9,0,120.1,0,62.1,21,1
11:20:35,7,3803,0,971.9,0,120.1,0,62.1,21,1
11:20:37,8,3806,0,971.9,0,120.1,0,62.1,21,1
11:20:39,8,3817,0,971.9,0,120.1,0,62.1,21,1
11:20:41,9,3822,0,971.9,0,120.1,0,62.1,21,1
11:20:43,11,3821,0,971.9,0,120.1,0,62.1,21,1
11:20:46,11,3822,0,971.9,0,120.1,0,62.1,21,1
11:20:48,13,3821,0,971.9,0,120.1,0,62.1,21,1
11:20:50,11,3801,0,971.9,0,120.2,0,62.1,21,1
11:20:52,8,3802,0,971.9,0,120.2,0,62.1,21,1
11:20:54,6,3806,0,971.9,0,120.2,0,62.1,21,1
11:20:56,10,3800,0,971.9,0,120.2,0,62.1,21,1
11:20:58,8,3800,0,971.9,0,120.2,0,62.1,21,1
11:21:00,7,3824,0,971.9,0,120.2,0,62.1,21,1
11:21:02,10,3824,0,971.9,0,120.2,0,62.1,21,1
11:21:04,11,3827,0,971.9,0,120.2,0,62.1,21,1
11:21:06,9,3824,0,971.9,0,120.2,0,62.1,21,1
11:21:08,8,3823,0,971.9,0,120.2,0,62.1,21,1
11:21:10,9,3825,0,971.9,0,120.2,0,62.1,21,1
11:21:13,6,3821,0,971.9,0,120.2,0,62.1,21,1
11:21:15,8,3826,0,971.9,0,120.2,0,62.1,21,1
11:21:17,10,3820,0,971.9,0,120.2,0,62.1,21,1
11:21:19,10,3820,0,971.9,0,120.2,0,62.1,21,1
11:21:21,12,3823,0,971.9,0,120.2,0,62.1,21,1
11:21:23,10,3820,0,971.9,0,120.2,0,62.1,21,1
11:21:25,11,3769,0,971.9,0,120.2,0,62.1,21,1
11:21:27,11,3836,0,971.9,0,120.2,0,62.1,21,1
11:21:29,8,3838,0,971.9,0,120.2,0,62.1,21,1
11:21:31,14,3838,0,971.9,0,120.2,0,62.1,21,1
11:21:33,13,3838,0,971.9,0,120.2,0,62.1,21,1
11:21:35,16,3837,0,971.9,0,120.2,0,62.1,21,1
11:21:37,14,3837,0,971.9,0,120.2,0,62.1,21,1
11:21:40,11,3834,0,971.9,0,120.2,0,62.1,21,1
11:21:42,13,3837,0,971.9,0,120.3,0,62.1,21,1
11:21:44,12,3836,0,971.9,0,120.3,0,62.1,21,1
11:21:46,13,3834,0,971.9,0,120.3,0,62.1,21,1
11:21:48,15,3805,0,971.9,0,120.3,0,62.1,21,1
11:21:50,20,3795,0,972.3,0,120.3,0,62.1,21,1
11:21:52,16,3788,0,972.2,0,120.3,0,62.1,21,1
11:21:54,30,3708,0,972.3,0,120.3,0,62.1,21,1
11:21:56,21,3740,0,972.3,0,120.3,0,62.1,21,1
11:21:58,25,3695,0,972.0,0,116.9,0,62.1,21,1
11:22:00,30,3749,0,972.0,0,116.9,0,62.1,21,1
11:22:03,29,3986,0,917.1,0,116.9,0,62.1,21,1
11:22:05,17,4231,0,917.1,0,116.9,0,60.3,21,1
11:22:07,14,4225,0,917.1,0,116.9,0,60.4,21,1
11:22:09,10,4202,0,917.3,0,116.9,0,60.4,11,1
11:22:11,7,4231,0,917.3,0,116.9,0,60.4,11,1
11:22:13,8,4229,0,917.3,0,116.9,0,60.4,11,1
11:22:15,6,4226,0,917.3,0,116.9,0,60.4,11,1
11:22:17,9,4228,0,917.2,0,116.9,0,60.4,11,1
11:22:19,9,4223,0,917.2,0,116.9,0,60.4,11,1
11:22:21,8,4223,0,917.2,0,116.9,0,60.4,11,1
11:22:23,11,4222,0,917.2,0,116.9,0,60.4,11,1
11:22:25,11,4221,0,917.2,0,116.9,0,60.4,11,1
11:22:27,11,4222,0,917.2,0,116.9,0,60.4,11,1
11:22:30,9,4223,0,917.2,0,116.9,0,60.4,11,1
11:22:32,8,4224,0,917.2,0,116.9,0,60.4,11,1
11:22:34,11,4221,0,917.2,0,116.9,0,60.4,11,1
11:22:36,11,4220,0,917.2,0,116.9,0,60.4,11,1
11:22:38,10,4221,0,917.2,0,116.9,0,60.4,11,1
11:22:40,14,4221,0,917.2,0,116.9,0,60.4,11,1
11:22:42,10,4223,0,917.2,0,116.9,0,60.4,11,1
11:22:44,8,4228,0,917.2,0,117.0,0,60.4,11,1
11:22:46,8,4226,0,917.2,0,117.0,0,60.4,11,1
11:22:48,22,4195,0,917.2,0,117.0,0,60.4,11,1
11:22:50,18,4201,0,917.2,0,117.0,0,60.4,11,1
11:22:52,21,4103,0,917.2,0,117.0,0,60.4,11,1
11:22:54,35,4017,0,917.5,0,117.0,0,60.4,11,1
11:22:57,25,4003,0,917.7,0,117.0,0,60.5,11,1
11:22:59,22,4004,0,917.9,0,117.0,0,60.5,11,1
11:23:01,29,3958,0,982.8,0,117.0,0,60.7,11,1
11:23:03,13,4000,0,941.6,0,117.0,0,60.7,11,1
11:23:05,10,4006,0,941.6,0,117.0,0,60.7,11,1
11:23:07,8,4005,0,941.5,0,117.0,0,60.7,11,1
11:23:09,8,4005,0,941.5,0,117.0,0,60.7,11,1
11:23:11,9,4008,0,941.4,0,117.0,0,60.7,11,1
11:23:13,8,4009,0,941.4,0,117.0,0,60.7,11,1
11:23:15,8,4010,0,941.3,0,117.0,0,60.7,11,1
11:23:17,8,4008,0,941.3,0,117.0,0,60.7,11,1
11:23:19,9,4007,0,941.3,0,117.0,0,60.7,11,1
11:23:21,9,4008,0,941.2,0,117.0,0,60.7,11,1
11:23:24,9,4011,0,941.2,0,117.0,0,60.7,11,1
11:23:26,8,4014,0,941.2,0,117.0,0,60.7,11,1
11:23:28,10,4017,0,941.2,0,117.0,0,60.7,11,1
11:23:30,15,4017,0,941.2,0,117.0,0,60.7,11,1
11:23:32,20,3998,0,941.2,0,117.1,0,60.7,11,1
11:23:34,17,3983,0,941.2,0,117.1,0,60.7,11,1
11:23:36,18,3987,0,941.2,0,117.1,0,60.7,11,1
11:23:38,16,3955,0,941.2,0,117.1,0,60.7,11,1
11:23:40,14,3951,0,941.2,0,117.1,0,60.7,11,1
11:23:42,16,3938,0,941.2,0,117.1,0,60.7,11,1
11:23:44,18,3931,0,941.2,0,117.1,0,60.7,11,1
11:23:46,20,3924,0,941.2,0,117.1,0,60.7,11,1
11:23:49,18,3917,0,941.2,0,117.1,0,60.7,11,1
11:23:51,22,3911,0,941.2,0,117.1,0,60.7,11,1
11:23:53,20,3881,0,941.2,0,117.1,0,60.7,11,1
11:23:55,22,3884,0,941.2,0,117.1,0,60.7,11,1
11:23:57,15,3854,0,941.2,0,117.1,0,60.7,11,1
11:23:59,18,3880,0,941.2,0,117.1,0,60.7,11,1
11:24:01,19,3848,0,941.2,0,117.1,0,60.7,11,1
11:24:03,19,3918,0,941.2,0,117.1,0,60.7,11,1
11:24:05,16,3917,0,941.2,0,117.1,0,60.7,11,1
11:24:07,17,3960,0,941.2,0,117.1,0,60.7,11,1
11:24:09,15,4021,0,941.2,0,117.1,0,60.7,11,1
11:24:11,16,4001,0,941.2,0,117.1,0,60.7,11,1
11:24:14,12,3974,0,941.2,0,117.1,0,60.7,11,1
11:24:16,16,3960,0,941.2,0,117.1,0,60.7,11,1
11:24:18,15,3937,0,941.2,0,117.1,0,60.7,11,1
11:24:20,14,3932,0,941.2,0,117.1,0,60.7,11,1
11:24:22,16,3906,0,941.2,0,117.1,0,60.7,11,1
11:24:24,14,3894,0,941.2,0,117.2,0,60.7,11,1
11:24:26,18,3914,0,941.2,0,117.2,0,60.7,11,1
11:24:28,15,3918,0,941.2,0,117.2,0,60.7,11,1
11:24:30,16,3919,0,941.2,0,117.2,0,60.7,11,1
11:24:32,16,3909,0,941.2,0,117.2,0,60.7,11,1
11:24:34,16,3918,0,941.2,0,117.2,0,60.7,11,1
11:24:36,18,3918,0,941.2,0,117.2,0,60.7,11,1
11:24:39,22,3906,0,941.2,0,117.2,0,60.7,11,1
11:24:41,17,3912,0,941.2,0,117.2,0,60.7,11,1
11:24:43,13,3907,0,941.2,0,117.2,0,60.7,11,1
11:24:45,10,3894,0,941.2,0,117.2,0,60.7,11,1
11:24:47,12,3944,0,941.2,0,117.2,0,60.7,11,1
11:24:49,8,3941,0,941.2,0,117.2,0,60.7,11,1
11:24:51,10,3950,0,941.2,0,117.2,0,60.7,11,1
11:24:53,8,3947,0,941.2,0,117.2,0,60.7,11,1
11:24:55,10,3951,0,941.2,0,117.2,0,60.7,11,1
11:24:57,8,3945,0,941.2,0,117.2,0,60.7,11,1
11:24:59,8,3945,0,941.2,0,117.2,0,60.7,11,1
11:25:01,10,3942,0,941.2,0,117.2,0,60.7,11,1
11:25:03,9,3951,0,941.2,0,117.2,0,60.7,11,1
11:25:06,13,3950,0,941.2,0,117.2,0,60.7,11,1
11:25:08,9,3942,0,941.2,0,117.2,0,60.7,11,1
11:25:10,13,3959,0,941.2,0,117.2,0,60.7,11,1
11:25:12,8,3961,0,941.2,0,117.2,0,60.7,11,1
11:25:14,10,3972,0,941.2,0,117.2,0,60.7,11,1
11:25:16,8,3957,0,941.2,0,117.2,0,60.7,11,1
11:25:18,8,3969,0,941.2,0,117.2,0,60.7,11,1
11:25:20,11,3964,0,941.2,0,117.3,0,60.7,11,1
11:25:22,11,3960,0,941.2,0,117.3,0,60.7,11,1
11:25:24,14,3967,0,941.2,0,117.3,0,60.7,11,1
11:25:26,16,3967,0,941.2,0,117.3,0,60.7,11,1
11:25:28,12,3968,0,941.2,0,117.3,0,60.7,11,1
11:25:30,13,3973,0,941.2,0,117.3,0,60.7,11,1
11:25:33,12,3958,0,941.2,0,118.6,0,60.7,11,1
11:25:35,12,3959,0,941.2,0,118.6,0,60.7,11,1
11:25:37,12,3985,0,941.2,0,118.6,0,60.7,11,1
11:25:39,16,3976,0,941.2,0,118.6,0,60.7,11,1
11:25:41,12,3957,0,941.2,0,118.6,0,60.7,11,1
11:25:43,12,3941,0,941.2,0,118.6,0,60.7,11,1
11:25:45,10,3937,0,941.2,0,118.7,0,60.7,11,1
11:25:47,9,3944,0,941.2,0,118.7,0,60.7,11,1
11:25:49,11,3959,0,941.2,0,118.7,0,60.7,11,1
11:25:51,7,3965,0,941.2,0,118.7,0,60.7,11,1
11:25:53,10,3959,0,941.2,0,118.7,0,60.7,11,1
11:25:55,8,3965,0,941.2,0,118.7,0,60.7,11,1
11:25:57,8,3963,0,941.2,0,118.7,0,60.7,11,1
11:26:00,8,3955,0,941.2,0,118.7,0,60.7,11,1
11:26:02,17,3933,0,941.2,0,118.7,0,60.7,11,1
11:26:04,16,3932,0,941.2,0,118.7,0,60.7,11,1
11:26:06,15,3924,0,941.2,0,118.7,0,60.7,11,1
11:26:08,15,3909,0,941.2,0,118.7,0,60.7,11,1
11:26:10,15,3901,0,941.2,0,118.7,0,60.7,11,1
11:26:12,19,3905,0,941.2,0,118.7,0,60.7,11,1
11:26:14,15,3902,0,941.2,0,118.7,0,60.7,11,1
11:26:16,16,3903,0,941.2,0,118.7,0,60.7,11,1
11:26:18,14,3901,0,941.2,0,118.7,0,60.7,11,1
11:26:20,16,3905,0,941.2,0,118.7,0,60.7,11,1
11:26:22,14,3874,0,941.2,0,118.7,0,60.7,11,1
11:26:25,17,3856,0,941.2,0,118.7,0,60.7,11,1
11:26:27,19,3839,0,941.2,0,118.7,0,60.7,11,1
11:26:29,19,3867,0,941.2,0,118.8,0,60.7,11,1
11:26:31,14,3826,0,941.2,0,118.8,0,60.7,11,1
11:26:33,16,3779,0,941.2,0,118.8,0,60.7,11,1
11:26:35,15,3755,0,941.2,0,118.8,0,60.7,11,1
11:26:37,14,3758,0,941.2,0,118.8,0,60.7,11,1
11:26:39,14,3757,0,941.2,0,118.8,0,60.7,11,1
11:26:41,16,3759,0,941.2,0,118.8,0,60.7,11,1
11:26:43,10,3801,0,941.2,0,118.8,0,60.7,11,1
11:26:45,10,3802,0,941.2,0,118.8,0,60.7,11,1
11:26:47,11,3804,0,941.2,0,118.8,0,60.7,11,1
11:26:49,11,3805,0,941.2,0,118.8,0,60.7,11,1
11:26:52,10,3806,0,941.2,0,118.8,0,60.7,11,1
11:26:54,10,3804,0,941.2,0,118.9,0,60.7,11,1
11:26:56,7,3804,0,941.2,0,118.9,0,60.7,11,1
11:26:58,9,3802,0,941.2,0,118.9,0,60.7,11,1
11:27:00,11,3857,0,926.2,0,116.3,0,60.2,11,1
11:27:02,9,3873,0,926.2,0,116.3,0,60.2,11,1
11:27:04,7,3875,0,926.2,0,116.3,0,60.2,11,1
11:27:06,10,3855,0,926.2,0,116.3,0,60.2,11,1
11:27:08,14,3844,0,926.2,0,116.3,0,60.2,11,1
11:27:10,15,3838,0,926.2,0,116.3,0,60.2,11,1
11:27:12,13,3831,0,926.2,0,116.3,0,60.2,11,1
11:27:14,21,3828,0,926.2,0,116.3,0,60.2,11,1
11:27:16,20,3772,0,926.2,0,116.3,0,60.2,11,1
11:27:19,23,3765,0,926.6,0,116.3,0,60.2,11,1
11:27:21,27,3762,0,926.9,0,116.3,0,60.2,11,1
11:27:23,23,3772,0,927.2,0,116.3,0,60.2,11,1
11:27:25,22,3771,0,927.4,0,116.3,0,60.2,11,1
11:27:27,23,3776,0,928.7,0,116.3,0,60.3,11,1
11:27:29,22,3796,0,928.8,0,116.3,0,60.3,11,1
11:27:31,17,3778,0,927.8,0,116.3,0,60.3,11,1
11:27:33,16,3782,0,927.8,0,116.3,0,60.3,11,1
11:27:35,16,3774,0,927.8,0,116.3,0,60.3,11,1
11:27:37,14,3780,0,927.8,0,116.3,0,60.3,11,1
11:27:39,10,3784,0,927.8,0,116.3,0,60.3,11,1
11:27:42,13,3788,0,927.8,0,116.3,0,60.3,11,1
11:27:44,15,3779,0,927.8,0,116.3,0,60.3,11,1
11:27:46,16,3767,0,927.8,0,116.4,0,60.3,11,1
11:27:48,16,3730,0,927.8,0,116.4,0,60.3,11,1
11:27:50,15,3696,0,927.8,0,116.4,0,60.3,11,1
11:27:52,17,3660,0,927.8,0,116.4,0,60.3,11,1
11:27:54,18,3650,0,927.8,0,116.4,0,60.3,11,1
11:27:56,18,3639,0,927.8,0,116.4,0,60.3,11,1
11:27:58,16,3619,0,927.8,0,116.4,0,60.3,11,1
11:28:00,16,3707,0,927.8,0,116.4,0,60.3,11,1
11:28:02,17,3691,0,927.8,0,116.4,0,60.3,11,1
11:28:04,16,3702,0,927.8,0,116.4,0,60.3,11,1
11:28:07,13,3740,0,927.8,0,116.4,0,60.3,11,1
11:28:09,8,3744,0,927.8,0,116.4,0,60.3,11,1
11:28:11,7,3749,0,927.8,0,116.4,0,60.3,11,1
11:28:13,8,3744,0,927.8,0,116.4,0,60.3,11,1
11:28:15,7,3747,0,927.8,0,116.4,0,60.3,11,1
11:28:17,16,3714,0,927.8,0,116.4,0,60.3,11,1
11:28:19,15,3717,0,928.1,0,116.4,0,60.3,11,1
11:28:21,16,3716,0,928.4,0,116.4,0,60.3,11,1
11:28:23,15,3713,0,928.7,0,116.4,0,60.3,11,1
11:28:25,20,3712,0,929.0,0,116.4,0,60.4,11,1
11:28:27,18,3716,0,929.1,0,116.4,0,60.4,11,1
11:28:29,18,3718,0,929.3,0,116.4,0,60.5,11,1
11:28:31,18,3690,0,948.4,0,116.4,0,60.5,11,1
11:28:34,16,3704,0,948.6,0,116.4,0,60.5,11,1
11:28:36,12,3722,0,948.6,0,116.5,0,60.5,11,1
11:28:38,7,3714,0,948.6,0,116.5,0,60.7,11,1
11:28:40,10,3728,0,948.6,0,116.5,0,60.7,11,1
11:28:42,8,3728,0,948.6,0,116.5,0,60.7,11,1
11:28:44,10,3730,0,948.6,0,116.5,0,60.7,11,1
11:28:46,7,3730,0,948.6,0,116.5,0,60.7,11,1
11:28:48,9,3714,0,948.6,0,116.5,0,60.7,11,1
11:28:50,12,3711,0,948.6,0,116.5,0,60.7,11,1
11:28:52,8,3724,0,948.6,0,116.5,0,60.7,11,1
11:28:54,10,3714,0,948.6,0,116.5,0,60.7,11,1
11:28:56,8,3720,0,948.6,0,116.5,0,60.7,11,1
11:28:59,10,3711,0,948.6,0,116.5,0,60.7,11,1
11:29:01,8,3719,0,948.6,0,116.5,0,60.7,11,1
11:29:03,14,3704,0,948.6,0,116.5,0,60.7,11,1
11:29:05,10,3722,0,948.6,0,116.5,0,60.7,11,1
11:29:07,11,3721,0,948.6,0,116.5,0,60.7,11,1
11:29:09,8,3725,0,948.6,0,116.5,0,60.7,11,1
11:29:11,12,3705,0,948.6,0,116.5,0,60.7,11,1
11:29:13,16,3712,0,948.6,0,116.5,0,60.7,11,1
11:29:15,14,3710,0,948.6,0,116.5,0,60.7,11,1
11:29:17,15,3712,0,948.6,0,116.5,0,60.7,11,1
11:29:19,19,3704,0,948.6,0,116.5,0,60.7,11,1
11:29:21,19,3706,0,948.6,0,116.5,0,60.7,11,1
11:29:23,21,3706,0,948.6,0,116.5,0,60.7,11,1
11:29:26,20,3697,0,948.6,0,116.5,0,60.7,11,1
11:29:28,19,3684,0,948.6,0,116.5,0,60.7,11,1
11:29:30,13,3680,0,948.6,0,116.6,0,60.7,11,1
11:29:32,14,3682,0,948.6,0,116.6,0,60.7,11,1
11:29:34,16,3682,0,948.6,0,116.6,0,60.7,11,1
11:29:36,16,3665,0,948.6,0,116.6,0,60.7,11,1
11:29:38,14,3654,0,948.6,0,116.6,0,60.7,11,1
11:29:40,12,3655,0,948.6,0,116.6,0,60.7,11,1
11:29:42,11,3657,0,948.6,0,116.6,0,60.7,11,1
11:29:44,12,3658,0,948.6,0,116.6,0,60.7,11,1
11:29:46,13,3656,0,948.6,0,116.6,0,60.7,11,1
11:29:48,15,3662,0,948.6,0,116.6,0,60.7,11,1
11:29:50,10,3657,0,948.6,0,116.6,0,60.7,11,1
11:29:53,15,3656,0,948.6,0,116.6,0,60.7,11,1
11:29:55,11,3867,0,948.6,0,116.6,0,60.7,11,1
11:29:57,13,3831,0,948.6,0,116.6,0,60.7,11,1
11:29:59,10,3839,0,948.6,0,116.6,0,60.7,11,1
11:30:01,13,3830,0,948.6,0,116.6,0,60.7,11,1
11:30:03,14,3820,0,948.6,0,116.6,0,60.7,11,1
11:30:05,10,3819,0,948.6,0,116.6,0,60.7,11,1
11:30:07,11,3825,0,948.6,0,116.6,0,60.7,11,1
11:30:09,15,3818,0,948.6,0,116.6,0,60.7,11,1
11:30:11,18,3814,0,948.6,0,116.6,0,60.7,11,1
11:30:13,13,3812,0,948.6,0,116.6,0,60.7,11,1
11:30:15,12,3810,0,948.6,0,116.6,0,60.7,11,1
11:30:18,12,3811,0,948.6,0,116.6,0,60.7,11,1
11:30:20,11,3805,0,948.6,0,116.6,0,60.7,11,1
11:30:22,16,3800,0,948.6,0,116.7,0,60.7,11,1
11:30:24,12,3803,0,948.6,0,116.6,0,60.7,11,1
11:30:26,11,3798,0,948.6,0,116.6,0,60.7,11,1
11:30:28,13,3795,0,948.6,0,116.6,0,60.7,11,1
11:30:30,12,3791,0,948.6,0,116.6,0,60.7,11,1
11:30:32,11,3794,0,948.6,0,116.7,0,60.7,11,1
11:30:34,11,3788,0,948.6,0,116.7,0,60.7,11,1
11:30:36,15,3788,0,948.6,0,116.7,0,60.7,11,1
11:30:38,13,3785,0,948.6,0,116.7,0,60.7,11,1
11:30:40,13,3764,0,948.6,0,116.7,0,60.7,11,1
11:30:43,21,3762,0,948.6,0,116.7,0,60.7,11,1
11:30:45,39,3794,0,948.6,0,116.7,0,60.7,11,1
11:30:47,36,3778,0,948.6,0,116.7,0,60.7,11,1
11:30:49,24,3779,0,948.6,0,116.7,0,60.7,11,1
11:30:51,22,3852,0,948.6,0,116.7,0,60.7,11,1
11:30:53,19,3855,0,948.6,0,116.7,0,60.7,11,1
11:30:55,17,3855,0,948.6,0,116.7,0,60.7,11,1
11:30:57,17,3856,0,948.6,0,116.7,0,60.7,11,1
11:30:59,18,3845,0,948.6,0,116.7,0,60.7,11,1
11:31:01,21,3848,0,948.6,0,116.7,0,60.7,11,1
11:31:03,19,3852,0,948.6,0,116.7,0,60.7,11,1
11:31:05,17,3850,0,948.6,0,116.7,0,60.7,11,1
11:31:08,16,3844,0,948.6,0,116.7,0,60.7,11,1
11:31:10,32,3749,0,948.6,0,116.8,0,60.7,11,1
11:31:12,62,4009,0,948.6,0,116.8,0,60.7,11,1
11:31:14,17,4050,0,948.6,0,116.8,0,60.7,11,1
11:31:16,12,4196,0,948.6,0,116.8,0,60.7,11,1
11:31:18,9,4197,0,948.6,0,116.8,0,60.7,11,1
11:31:20,5,4194,0,948.6,0,116.8,0,60.7,11,1
11:31:22,6,4195,0,948.6,0,116.8,0,60.7,11,1
11:31:24,6,4197,0,948.6,0,116.8,0,60.7,11,1
11:31:26,6,4194,0,948.6,0,116.8,0,60.7,11,1
11:31:28,8,4156,0,948.6,0,116.8,0,60.7,11,1
11:31:30,4,4159,0,948.6,0,116.8,0,60.7,11,1
11:31:32,4,4166,0,948.6,0,116.8,0,60.7,11,1
11:31:35,6,4163,0,948.6,0,116.8,0,60.7,11,1
11:31:37,6,4162,0,948.6,0,116.8,0,60.7,11,1
11:31:39,6,4168,0,948.6,0,116.8,0,60.7,11,1
11:31:41,5,4172,0,948.6,0,116.8,0,60.7,11,1
11:31:43,4,4182,0,948.6,0,116.8,0,60.7,11,1
11:31:45,8,4179,0,948.6,0,116.8,0,60.7,11,1
11:31:47,10,4181,0,948.6,0,116.8,0,60.7,11,1
11:31:49,7,4181,0,948.6,0,116.8,0,60.7,11,1
11:31:51,6,4183,0,948.6,0,116.8,0,60.7,11,1
11:31:53,7,4176,0,948.6,0,116.8,0,60.7,11,1
11:31:55,8,4176,0,948.6,0,116.8,0,60.7,11,1
11:31:57,5,4174,0,948.6,0,116.8,0,60.7,11,1
11:31:59,5,4174,0,948.6,0,116.8,0,60.7,11,1
11:32:01,10,4165,0,948.6,0,116.8,0,60.7,11,1
11:32:04,12,4168,0,948.6,0,116.9,0,60.7,11,1
11:32:06,17,4151,0,948.6,0,116.9,0,60.7,11,1
11:32:08,12,4162,0,948.6,0,116.9,0,60.7,3,1
11:32:10,8,4155,0,948.6,0,116.9,0,60.7,3,1
11:32:12,6,4155,0,948.6,0,116.9,0,60.7,3,1
11:32:14,4,4155,0,948.6,0,116.9,0,60.7,3,1
11:32:16,6,4154,0,948.6,0,116.9,0,60.7,3,1
11:32:18,6,4165,0,948.6,0,116.9,0,60.7,3,1
11:32:20,6,4166,0,948.6,0,116.9,0,60.7,3,1
11:32:22,10,4166,0,948.6,0,116.9,0,60.7,3,1
11:32:24,8,4161,0,948.6,0,116.9,0,60.7,3,1
11:32:26,5,4163,0,948.6,0,116.9,0,60.7,3,1
11:32:28,6,4165,0,948.6,0,116.9,0,60.7,3,1
11:32:31,6,4161,0,948.6,0,116.9,0,60.7,3,1
11:32:33,6,4162,0,948.6,0,116.9,0,60.7,3,1
11:32:35,4,4161,0,948.6,0,116.9,0,60.7,3,1
11:32:37,5,4157,0,948.6,0,116.9,0,60.7,3,1
11:32:39,5,4157,0,948.6,0,116.9,0,60.7,3,1
11:32:41,6,4157,0,948.6,0,116.9,0,60.7,3,1
11:32:43,7,4167,0,948.6,0,116.9,0,60.7,3,1
11:32:45,6,4158,0,948.6,0,116.9,0,60.7,3,1
11:32:47,7,4161,0,948.6,0,116.9,0,60.7,3,1
11:32:49,6,4161,0,948.6,0,116.9,0,60.7,3,1
11:32:51,6,4160,0,948.6,0,116.9,0,60.7,3,1
11:32:53,8,4159,0,948.7,0,116.9,0,60.7,3,1
11:32:55,7,4159,0,948.7,0,116.9,0,60.7,3,1
11:32:57,6,4268,0,948.7,0,117.0,0,60.7,3,1
11:33:00,4,4267,0,948.7,0,117.0,0,60.7,3,1
11:33:02,7,4269,0,948.7,0,117.0,0,60.7,3,1
11:33:04,7,4269,0,948.7,0,117.0,0,60.7,3,1
11:33:06,4,4275,0,948.7,0,117.0,0,60.7,3,1
11:33:08,7,4278,0,948.7,0,117.0,0,60.7,3,1
11:33:10,6,4275,0,948.7,0,117.0,0,60.7,3,1
11:33:12,5,4274,0,948.7,0,117.0,0,60.7,3,1
11:33:14,4,4276,0,948.7,0,117.0,0,60.7,3,1
11:33:16,7,4273,0,948.7,0,117.0,0,60.7,3,1
11:33:18,5,4280,0,948.7,0,117.0,0,60.7,3,1
11:33:20,7,4273,0,948.7,0,117.0,0,60.7,3,1
11:33:22,6,4275,0,948.7,0,117.0,0,60.7,3,1
11:33:24,4,4276,0,948.7,0,117.0,0,60.7,3,1
11:33:27,7,4274,0,948.7,0,117.0,0,60.7,3,1
11:33:29,9,4273,0,948.7,0,117.0,0,60.7,3,1
11:33:31,7,4277,0,948.7,0,117.0,0,60.7,3,1
11:33:33,6,4281,0,948.7,0,117.0,0,60.7,3,1
11:33:35,5,4274,0,948.7,0,117.0,0,60.7,3,1
11:33:37,5,4274,0,948.7,0,117.0,0,60.7,3,1
11:33:39,6,4277,0,948.7,0,117.0,0,60.7,3,1
11:33:41,5,4278,0,948.7,0,117.0,0,60.7,3,1
11:33:43,4,4279,0,948.7,0,117.0,0,60.7,3,1
11:33:45,5,4281,0,948.7,0,117.0,0,60.7,3,1
11:33:47,7,4281,0,948.7,0,117.0,0,60.7,3,1
11:33:49,5,4277,0,948.7,0,117.1,0,60.7,3,1
11:33:51,6,4281,0,948.7,0,117.1,0,60.7,3,1
11:33:53,6,4282,0,948.7,0,117.1,0,60.7,3,1
11:33:55,6,4281,0,948.7,0,117.1,0,60.7,3,1
11:33:58,7,4276,0,948.7,0,117.1,0,60.7,3,1
11:34:00,7,4272,0,948.7,0,117.1,0,60.7,3,1
11:34:02,6,4274,0,948.7,0,117.1,0,60.7,3,1
11:34:04,6,4275,0,948.7,0,117.1,0,60.7,3,1
11:34:06,8,4275,0,948.7,0,117.1,0,60.7,3,1
11:34:08,5,4273,0,948.7,0,117.1,0,60.7,3,1
11:34:10,6,4273,0,948.7,0,117.1,0,60.7,3,1
11:34:12,6,4275,0,948.7,0,117.1,0,60.7,3,1
11:34:14,4,4275,0,948.7,0,117.2,0,60.7,3,1
11:34:16,6,4278,0,948.7,0,117.2,0,60.7,3,1
11:34:18,8,4279,0,948.7,0,117.2,0,60.7,3,1
11:34:20,5,4278,0,948.7,0,117.2,0,60.7,3,1
11:34:22,5,4279,0,948.7,0,117.2,0,60.7,3,1
11:34:24,8,4267,0,948.7,0,117.2,0,60.7,3,1
11:34:27,6,4275,0,948.7,0,117.3,0,60.7,3,1
11:34:29,9,4270,0,948.7,0,117.3,0,60.7,3,1
11:34:31,5,4267,0,948.7,0,117.3,0,60.7,3,1
11:34:33,6,4273,0,948.7,0,117.3,0,60.7,3,1
11:34:35,10,4272,0,948.7,0,117.3,0,60.7,3,1
11:34:37,9,4267,0,948.7,0,117.3,0,60.7,3,1
11:34:39,6,4266,0,948.7,0,117.3,0,60.7,3,1
11:34:41,7,4271,0,948.7,0,117.3,0,60.7,3,1
11:34:43,7,4266,0,948.7,0,117.3,0,60.7,3,1
11:34:45,10,4228,0,948.7,0,117.3,0,60.7,3,1
11:34:47,8,4232,0,948.7,0,117.3,0,60.7,3,1
11:34:49,5,4227,0,948.7,0,117.3,0,60.7,3,1
11:34:51,6,4229,0,948.7,0,117.3,0,60.7,3,1
11:34:53,6,4225,0,948.7,0,117.3,0,60.7,3,1
11:34:56,6,4226,0,948.7,0,117.3,0,60.7,3,1
11:34:58,7,4228,0,948.7,0,117.3,0,60.7,3,1
11:35:00,6,4222,0,948.7,0,117.3,0,60.7,3,1
11:35:02,6,4225,0,948.7,0,117.3,0,60.7,3,1
11:35:04,8,4225,0,948.7,0,117.3,0,60.7,3,1
11:35:06,9,4226,0,948.7,0,117.3,0,60.7,3,1
11:35:08,7,4227,0,948.7,0,117.3,0,60.7,3,1
11:35:10,6,4223,0,948.7,0,117.3,0,60.7,3,1
11:35:12,7,4222,0,948.7,0,117.3,0,60.7,3,1
11:35:14,7,4225,0,948.7,0,117.3,0,60.7,3,1
11:35:16,4,4224,0,948.7,0,117.4,0,60.7,3,1
11:35:18,6,4218,0,948.7,0,117.4,0,60.7,3,1
11:35:20,6,4218,0,948.7,0,117.4,0,60.7,3,1
11:35:22,6,4226,0,948.7,0,117.4,0,60.7,3,1
11:35:25,7,4219,0,948.7,0,117.4,0,60.7,3,1
11:35:27,6,4219,0,948.7,0,117.4,0,60.7,3,1
11:35:29,5,4221,0,948.7,0,117.4,0,60.7,3,1
11:35:31,6,4221,0,948.7,0,117.4,0,60.7,3,1
11:35:33,10,4220,0,948.7,0,117.4,0,60.7,3,1
11:35:35,4,4231,0,948.7,0,117.4,0,60.7,3,1
11:35:37,6,4224,0,948.7,0,117.4,0,60.7,3,1
11:35:39,8,4225,0,948.7,0,117.4,0,60.7,3,1
11:35:41,7,4225,0,948.7,0,117.4,0,60.7,3,1
11:35:43,10,4233,0,948.7,0,117.4,0,60.7,3,1
11:35:45,6,4234,0,948.7,0,117.4,0,60.7,3,1
11:35:47,7,4232,0,948.7,0,117.4,0,60.7,3,1
11:35:49,4,4237,0,948.7,0,117.4,0,60.7,3,1
11:35:52,6,4238,0,948.7,0,117.4,0,60.7,3,1
11:35:54,7,4270,0,948.7,0,117.4,0,60.7,3,1
11:35:56,7,4270,0,948.7,0,117.4,0,60.7,3,1
11:35:58,7,4272,0,948.7,0,117.4,0,60.7,3,1
11:36:00,6,4264,0,948.7,0,117.4,0,60.7,3,1
11:36:02,5,4264,0,948.7,0,117.4,0,60.7,3,1
11:36:04,4,4264,0,948.7,0,117.4,0,60.7,3,1
11:36:06,9,4266,0,948.7,0,117.4,0,60.7,3,1
11:36:08,5,4263,0,948.7,0,117.4,0,60.7,3,1
11:36:10,9,4262,0,948.7,0,117.4,0,60.7,3,1
11:36:12,8,4258,0,948.7,0,117.4,0,60.7,3,1
11:36:14,6,4257,0,948.7,0,117.5,0,60.7,3,1
11:36:16,7,4258,0,948.7,0,117.5,0,60.7,3,1
11:36:18,5,4256,0,948.7,0,117.5,0,60.7,3,1
11:36:21,6,4255,0,948.7,0,117.5,0,60.7,3,1
11:36:23,5,4263,0,948.7,0,117.5,0,60.7,3,1
11:36:25,6,4258,0,948.7,0,117.5,0,60.7,3,1
11:36:27,5,4261,0,948.7,0,117.5,0,60.7,3,1
11:36:29,8,4262,0,948.7,0,117.5,0,60.7,3,1
11:36:31,5,4264,0,948.7,0,117.5,0,60.7,3,1
11:36:33,6,4263,0,948.7,0,117.5,0,60.7,3,1
11:36:35,5,4260,0,948.7,0,117.5,0,60.7,3,1
11:36:37,7,4265,0,948.7,0,117.5,0,60.7,3,1
11:36:39,5,4265,0,948.7,0,117.5,0,60.7,3,1
11:36:41,7,4268,0,948.7,0,117.5,0,60.7,3,1
11:36:43,5,4264,0,948.7,0,117.5,0,60.7,3,1
11:36:45,9,4269,0,948.7,0,117.5,0,60.7,3,1
11:36:47,11,4267,0,948.7,0,117.5,0,60.7,3,1
11:36:50,9,4268,0,948.7,0,117.5,0,60.7,3,1
11:36:52,4,4267,0,948.7,0,117.5,0,60.7,3,1
11:36:54,6,4268,0,948.7,0,117.5,0,60.7,3,1
11:36:56,6,4270,0,948.7,0,117.5,0,60.7,3,1
11:36:58,4,4270,0,948.7,0,117.5,0,60.7,3,1
11:37:00,6,4267,0,948.7,0,117.5,0,60.7,3,1
11:37:02,5,4272,0,948.7,0,117.5,0,60.7,3,1
11:37:04,6,4208,0,948.7,0,117.6,0,60.7,3,1
11:37:06,13,4209,0,948.7,0,117.6,0,60.7,3,1
11:37:08,6,4385,0,922.8,0,117.5,0,59.2,3,1
11:37:10,8,4384,0,922.8,0,117.5,0,59.3,3,1
11:37:12,5,4381,0,922.8,0,117.5,0,59.3,3,1
11:37:14,6,4382,0,922.8,0,117.5,0,59.3,3,1
11:37:16,8,4378,0,922.8,0,117.5,0,59.3,3,1
11:37:19,6,4378,0,922.8,0,117.5,0,59.3,3,1
11:37:21,7,4376,0,922.8,0,117.6,0,59.3,3,1
11:37:23,5,4382,0,922.8,0,117.6,0,59.3,3,1
11:37:25,6,4371,0,922.8,0,117.6,0,59.3,3,1
11:37:27,4,4372,0,922.8,0,117.6,0,59.3,3,1
11:37:29,5,4373,0,922.8,0,117.6,0,59.3,3,1
11:37:31,7,4374,0,922.8,0,117.6,0,59.3,3,1
11:37:33,5,4375,0,922.8,0,117.6,0,59.3,3,1
11:37:35,6,4382,0,922.8,0,117.6,0,59.3,3,1
11:37:37,6,4383,0,922.8,0,117.6,0,59.3,3,1
11:37:39,4,4374,0,922.8,0,117.6,0,59.3,3,1
11:37:41,5,4376,0,922.8,0,117.6,0,59.3,3,1
11:37:43,5,4377,0,922.8,0,117.6,0,59.3,3,1
11:37:45,7,4379,0,922.8,0,117.6,0,59.3,3,1
11:37:48,4,4380,0,922.8,0,117.6,0,59.3,3,1
11:37:50,7,4377,0,922.8,0,117.6,0,59.3,3,1
11:37:52,11,4376,0,922.8,0,117.6,0,59.3,3,1
11:37:54,16,4286,0,922.8,0,117.6,0,59.3,3,1
11:37:56,10,4300,0,922.8,0,117.6,0,59.3,3,1
11:37:58,9,4294,0,922.8,0,117.7,0,59.3,3,1
11:38:00,8,4289,0,922.8,0,117.7,0,59.3,3,1
11:38:02,6,4288,0,922.8,0,117.7,0,59.3,3,1
11:38:04,6,4288,0,922.8,0,117.7,0,59.3,3,1
11:38:06,4,4294,0,922.8,0,117.7,0,59.3,3,1
11:38:08,4,4296,0,922.8,0,117.7,0,59.3,3,1
11:38:10,4,4294,0,922.8,0,117.7,0,59.3,3,1
11:38:12,6,4289,0,922.8,0,117.7,0,59.3,3,1
11:38:15,6,4289,0,922.8,0,117.7,0,59.3,3,1
11:38:17,5,4290,0,922.8,0,117.7,0,59.3,3,1
11:38:19,4,4287,0,922.8,0,117.7,0,59.3,3,1
11:38:21,5,4289,0,922.8,0,117.7,0,59.3,3,1
11:38:23,9,4290,0,922.8,0,117.7,0,59.3,3,1
11:38:25,6,4290,0,922.8,0,117.7,0,59.3,3,1
11:38:27,6,4291,0,922.8,0,117.7,0,59.3,3,1
11:38:29,5,4295,0,922.8,0,117.7,0,59.3,3,1
11:38:31,5,4292,0,922.8,0,117.7,0,59.3,3,1
11:38:33,8,4295,0,922.8,0,117.7,0,59.3,3,1
11:38:35,5,4291,0,922.8,0,117.7,0,59.3,3,1
11:38:37,8,4270,0,922.8,0,117.7,0,59.3,3,1
11:38:39,6,4255,0,922.8,0,117.7,0,59.3,3,1
11:38:41,6,4257,0,922.8,0,117.7,0,59.3,3,1
11:38:44,5,4259,0,922.8,0,117.7,0,59.3,3,1
11:38:46,4,4260,0,922.8,0,117.8,0,59.3,3,1
11:38:48,5,4259,0,922.8,0,117.8,0,59.3,3,1
11:38:50,5,4261,0,923.0,0,117.8,0,59.3,3,1
11:38:52,5,4259,0,923.0,0,117.8,0,59.3,3,1
11:38:54,5,4262,0,923.0,0,117.8,0,59.3,3,1
11:38:56,5,4264,0,923.0,0,117.8,0,59.3,3,1
11:38:58,7,4261,0,923.0,0,117.8,0,59.3,3,1
11:39:00,8,4260,0,923.0,0,117.8,0,59.3,3,1
11:39:02,11,4261,0,923.0,0,117.8,0,59.3,3,1
11:39:04,5,4265,0,923.0,0,117.8,0,59.3,3,1
11:39:06,4,4262,0,923.0,0,117.8,0,59.3,3,1
11:39:08,6,4264,0,923.0,0,117.8,0,59.3,3,1
11:39:10,5,4263,0,923.0,0,117.8,0,59.3,3,1
11:39:13,4,4261,0,923.0,0,117.8,0,59.3,3,1
11:39:15,7,4262,0,923.0,0,117.8,0,59.3,3,1
11:39:17,7,4255,0,923.0,0,117.8,0,59.3,3,1
11:39:19,6,4253,0,923.0,0,117.8,0,59.3,3,1
11:39:21,5,4255,0,923.0,0,117.8,0,59.3,3,1
11:39:23,4,4253,0,923.0,0,117.8,0,59.3,3,1
11:39:25,5,4254,0,923.0,0,117.8,0,59.3,3,1
11:39:27,8,4258,0,923.0,0,117.8,0,59.3,3,1
11:39:29,11,4251,0,923.0,0,117.8,0,59.3,3,1
11:39:31,7,4251,0,923.0,0,117.8,0,59.3,3,1
11:39:33,8,4251,0,923.0,0,117.8,0,59.3,3,1
11:39:35,5,4251,0,923.0,0,117.9,0,59.3,3,1
11:39:37,6,4271,0,923.0,0,117.9,0,59.3,3,1
11:39:39,6,4273,0,923.0,0,117.9,0,59.3,3,1
11:39:42,6,4273,0,923.0,0,117.9,0,59.3,3,1
11:39:44,5,4272,0,923.0,0,117.9,0,59.3,3,1
11:39:46,6,4271,0,923.0,0,117.9,0,59.3,3,1
11:39:48,5,4279,0,923.0,0,117.9,0,59.3,3,1
11:39:50,5,4282,0,923.0,0,117.9,0,59.3,3,1
11:39:52,6,4290,0,923.0,0,117.9,0,59.3,3,1
11:39:54,5,4285,0,923.0,0,117.9,0,59.3,3,1
11:39:56,6,4281,0,923.0,0,117.9,0,59.3,3,1
11:39:58,5,4282,0,923.0,0,117.9,0,59.3,3,1
11:40:00,4,4278,0,923.0,0,117.9,0,59.3,3,1
11:40:02,4,4281,0,923.0,0,117.9,0,59.3,3,1
11:40:04,9,4282,0,923.0,0,117.9,0,59.3,3,1
11:40:06,9,4283,0,923.0,0,117.9,0,59.3,3,1
11:40:08,8,4284,0,923.0,0,117.9,0,59.3,3,1
11:40:11,4,4286,0,923.0,0,117.9,0,59.3,3,1
11:40:13,6,4286,0,923.0,0,117.9,0,59.3,3,1
11:40:15,5,4286,0,923.0,0,117.9,0,59.3,3,1
11:40:17,6,4288,0,923.0,0,117.9,0,59.3,3,1
11:40:19,4,4287,0,923.0,0,117.9,0,59.3,3,1
11:40:21,5,4285,0,923.0,0,117.9,0,59.3,3,1
11:40:23,6,4287,0,923.0,0,117.9,0,59.3,3,1
11:40:25,5,4286,0,923.0,0,117.9,0,59.3,3,1
11:40:27,5,4286,0,923.0,0,117.9,0,59.3,3,1
11:40:29,6,4290,0,923.0,0,118.0,0,59.3,3,1
11:40:31,5,4286,0,923.0,0,118.0,0,59.3,3,1
11:40:33,6,4284,0,923.0,0,118.0,0,59.3,3,1
11:40:35,6,4287,0,923.0,0,118.0,0,59.3,3,1
11:40:37,8,4290,0,923.0,0,118.0,0,59.3,3,1
11:40:40,7,4287,0,923.0,0,118.0,0,59.3,3,1
11:40:42,4,4292,0,923.0,0,118.0,0,59.3,3,1
11:40:44,5,4295,0,923.0,0,118.0,0,59.3,3,1
11:40:46,6,4302,0,923.0,0,118.0,0,59.3,3,1
11:40:48,4,4304,0,923.0,0,118.0,0,59.3,3,1
11:40:50,4,4302,0,923.0,0,118.0,0,59.3,3,1
11:40:52,6,4302,0,923.0,0,118.0,0,59.3,3,1
11:40:54,5,4303,0,923.0,0,118.0,0,59.3,3,1
11:40:56,5,4304,0,923.0,0,118.0,0,59.3,3,1
11:40:58,4,4306,0,923.0,0,118.0,0,59.3,3,1
11:41:00,8,4307,0,923.0,0,118.0,0,59.3,3,1
11:41:02,6,4305,0,923.0,0,118.0,0,59.3,3,1
11:41:04,3,4306,0,923.0,0,118.0,0,59.3,3,1
11:41:06,4,4306,0,923.0,0,118.0,0,59.3,3,1
11:41:09,5,4308,0,923.0,0,118.0,0,59.3,3,1
11:41:11,7,4303,0,923.0,0,118.0,0,59.3,3,1
11:41:13,7,4305,0,923.0,0,118.0,0,59.3,3,1
11:41:15,6,4305,0,923.0,0,118.0,0,59.3,3,1
11:41:17,4,4303,0,923.0,0,118.0,0,59.3,3,1
11:41:19,5,4309,0,923.0,0,118.0,0,59.3,3,1
11:41:21,6,4308,0,923.0,0,118.0,0,59.3,3,1
11:41:23,4,4301,0,923.0,0,118.0,0,59.3,3,1
11:41:25,5,4301,0,923.0,0,118.1,0,59.3,3,1
11:41:27,5,4302,0,923.0,0,118.1,0,59.3,3,1
11:41:29,5,4303,0,923.0,0,118.1,0,59.3,3,1
11:41:31,5,4303,0,923.0,0,118.1,0,59.3,3,1
11:41:33,6,4303,0,923.0,0,118.1,0,59.3,3,1
11:41:35,5,4303,0,923.0,0,118.1,0,59.3,3,1
11:41:38,5,4302,0,923.0,0,118.1,0,59.3,3,1
11:41:40,4,4303,0,923.0,0,118.1,0,59.3,3,1
11:41:42,7,4299,0,923.0,0,118.1,0,59.3,3,1
11:41:44,8,4301,0,923.0,0,118.1,0,59.3,3,1
11:41:46,5,4305,0,923.0,0,118.1,0,59.3,3,1
11:41:48,5,4296,0,923.0,0,118.1,0,59.3,3,1
11:41:50,4,4301,0,923.0,0,118.1,0,59.3,3,1
11:41:52,4,4301,0,923.0,0,118.1,0,59.3,3,1
11:41:54,5,4303,0,923.0,0,118.1,0,59.3,3,1
11:41:56,5,4301,0,923.0,0,118.1,0,59.3,3,1
11:41:58,5,4302,0,923.0,0,118.1,0,59.3,3,1
11:42:00,6,4300,0,923.0,0,118.1,0,59.3,3,1
11:42:02,5,4300,0,923.0,0,118.1,0,59.3,3,1
11:42:04,5,4302,0,923.0,0,118.1,0,59.3,3,1
11:42:07,5,4302,0,923.0,0,118.1,0,59.3,3,1
11:42:09,6,4301,0,923.0,0,118.1,0,59.3,3,1
11:42:11,6,4302,0,923.0,0,118.1,0,59.3,3,1
11:42:13,5,4302,0,923.0,0,118.1,0,59.3,3,1
11:42:15,5,4300,0,923.0,0,118.1,0,59.3,3,1
11:42:17,7,4300,0,923.0,0,118.2,0,59.3,3,1
11:42:19,11,4252,0,923.0,0,118.2,0,59.3,3,1
11:42:21,7,4248,0,923.0,0,118.2,0,59.3,3,1
11:42:23,4,4294,0,923.0,0,118.2,0,59.3,3,1
11:42:25,6,4296,0,923.0,0,118.2,0,59.3,3,1
11:42:27,6,4293,0,923.0,0,118.2,0,59.3,3,1
11:42:29,5,4291,0,923.0,0,118.2,0,59.3,3,1
11:42:31,8,4293,0,923.0,0,118.2,0,59.3,3,1
11:42:33,6,4291,0,923.0,0,118.2,0,59.3,3,1
11:42:36,4,4292,0,923.0,0,118.2,0,59.3,3,1
11:42:38,5,4293,0,923.0,0,118.2,0,59.3,3,1
11:42:40,5,4291,0,923.0,0,118.2,0,59.3,3,1
11:42:42,5,4296,0,923.0,0,118.2,0,59.3,3,1
11:42:44,4,4299,0,923.0,0,118.2,0,59.3,3,1
11:42:46,6,4294,0,923.0,0,118.2,0,59.3,3,1
11:42:48,7,4292,0,923.0,0,118.2,0,59.3,3,1
11:42:50,7,4294,0,923.0,0,118.2,0,59.3,3,1
11:42:52,7,4294,0,923.0,0,118.2,0,59.3,3,1
11:42:54,5,4299,0,923.0,0,118.2,0,59.3,3,1
11:42:56,6,4294,0,923.0,0,118.2,0,59.3,3,1
11:42:58,6,4294,0,923.0,0,118.2,0,59.3,3,1
11:43:00,7,4293,0,923.0,0,118.2,0,59.3,3,1
11:43:02,9,4292,0,923.0,0,118.2,0,59.3,3,1
11:43:05,5,4296,0,923.0,0,118.2,0,59.3,3,1
11:43:07,5,4294,0,923.0,0,118.2,0,59.3,3,1
11:43:09,5,4288,0,923.0,0,118.2,0,59.3,3,1
11:43:11,4,4288,0,923.0,0,118.2,0,59.3,3,1
11:43:13,6,4289,0,923.0,0,118.3,0,59.3,3,1
11:43:15,4,4289,0,923.0,0,118.3,0,59.3,3,1
11:43:17,6,4293,0,923.0,0,118.3,0,59.3,3,1
11:43:19,6,4288,0,923.0,0,118.3,0,59.3,3,1
11:43:21,6,4288,0,923.0,0,118.3,0,59.3,3,1
11:43:23,7,4290,0,923.0,0,118.3,0,59.3,3,1
11:43:25,7,4291,0,923.0,0,118.3,0,59.3,3,1
11:43:27,9,4290,0,923.0,0,118.3,0,59.3,3,1
11:43:29,5,4290,0,923.0,0,118.3,0,59.3,3,1
11:43:32,6,4290,0,923.0,0,118.3,0,59.3,3,1
11:43:34,4,4291,0,923.0,0,118.3,0,59.3,3,1
11:43:36,6,4289,0,923.0,0,118.3,0,59.3,3,1
11:43:38,6,4292,0,923.0,0,118.3,0,59.3,3,1
11:43:40,4,4298,0,923.0,0,118.3,0,59.3,3,1
11:43:42,4,4290,0,923.0,0,118.3,0,59.3,3,1
11:43:44,5,4292,0,923.0,0,118.3,0,59.3,3,1
11:43:46,5,4293,0,923.0,0,118.3,0,59.3,3,1
11:43:48,4,4287,0,923.0,0,118.3,0,59.3,3,1
11:43:50,5,4298,0,923.0,0,118.3,0,59.3,3,1
11:43:52,5,4294,0,923.0,0,118.3,0,59.3,3,1
11:43:54,6,4289,0,923.0,0,118.3,0,59.3,3,1
11:43:56,7,4290,0,923.0,0,118.3,0,59.3,3,1
11:43:58,7,4291,0,923.0,0,118.3,0,59.3,3,1
11:44:00,6,4286,0,923.0,0,118.3,0,59.3,3,1
11:44:03,4,4290,0,923.0,0,118.3,0,59.3,3,1
11:44:05,6,4290,0,923.0,0,118.4,0,59.3,3,1
11:44:07,6,4290,0,923.0,0,118.4,0,59.3,3,1
11:44:09,4,4290,0,924.4,0,118.4,0,59.3,1,1
11:44:11,7,4289,0,923.4,0,118.4,0,59.3,1,1
11:44:13,7,4287,0,923.4,0,118.4,0,59.3,1,1
11:44:15,5,4287,0,923.4,0,118.4,0,59.3,1,1
11:44:17,6,4288,0,923.4,0,118.4,0,59.3,1,1
11:44:19,6,4288,0,923.4,0,118.4,0,59.3,1,1
11:44:21,5,4286,0,923.4,0,118.4,0,59.3,1,1
11:44:23,6,4288,0,923.4,0,118.4,0,59.3,1,1
11:44:25,5,4287,0,923.4,0,118.4,0,59.3,1,1
11:44:27,7,4285,0,923.4,0,118.4,0,59.3,1,1
11:44:29,8,4282,0,923.4,0,118.4,0,59.3,1,1
11:44:32,8,4282,0,923.4,0,118.4,0,59.3,1,1
11:44:34,6,4283,0,923.4,0,118.4,0,59.3,1,1
11:44:36,4,4283,0,923.4,0,118.4,0,59.3,1,1
11:44:38,6,4281,0,923.4,0,118.4,0,59.3,1,1
11:44:40,5,4281,0,923.4,0,118.4,0,59.3,1,1
11:44:42,5,4282,0,923.4,0,118.4,0,59.3,1,1
11:44:44,4,4281,0,923.4,0,118.4,0,59.3,1,1
11:44:46,5,4281,0,923.4,0,118.4,0,59.3,1,1
11:44:48,6,4283,0,923.4,0,118.4,0,59.3,1,1
11:44:50,4,4281,0,923.4,0,118.4,0,59.3,1,1
11:44:52,7,4281,0,923.4,0,118.4,0,59.3,1,1
11:44:54,4,4282,0,923.4,0,118.4,0,59.3,1,1
11:44:56,5,4283,0,923.4,0,118.4,0,59.3,1,1
11:44:58,5,4283,0,923.4,0,118.4,0,59.3,1,1
11:45:01,7,4286,0,923.4,0,118.4,0,59.3,1,1
11:45:03,8,4283,0,923.4,0,118.4,0,59.3,1,1
11:45:05,6,4282,0,923.4,0,118.4,0,59.3,1,1
11:45:07,4,4278,0,923.4,0,118.4,0,59.3,1,1
11:45:09,6,4280,0,923.4,0,118.5,0,59.3,1,1
11:45:11,5,4285,0,923.4,0,118.5,0,59.3,1,1
11:45:13,4,4281,0,923.4,0,118.5,0,59.3,1,1
11:45:15,5,4281,0,923.4,0,118.5,0,59.3,1,1
11:45:17,6,4282,0,923.4,0,118.5,0,59.3,1,1
11:45:19,5,4283,0,923.4,0,118.5,0,59.3,1,1
11:45:21,5,4283,0,923.4,0,118.5,0,59.3,1,1
11:45:23,7,4281,0,923.4,0,118.5,0,59.3,1,1
11:45:25,5,4282,0,923.4,0,118.5,0,59.3,1,1
11:45:28,6,4282,0,923.4,0,118.5,0,59.3,1,1
11:45:30,6,4284,0,923.4,0,118.5,0,59.3,1,1
11:45:32,5,4288,0,923.4,0,118.5,0,59.3,1,1
11:45:34,5,4283,0,923.4,0,118.5,0,59.3,1,1
11:45:36,7,4284,0,923.4,0,118.5,0,59.3,1,1
11:45:38,9,4285,0,923.4,0,118.5,0,59.3,1,1
11:45:40,8,4285,0,923.4,0,118.5,0,59.3,1,1
11:45:42,5,4292,0,923.4,0,118.5,0,59.3,1,1
11:45:44,5,4293,0,923.4,0,118.5,0,59.3,1,1
11:45:46,5,4296,0,923.4,0,118.5,0,59.3,1,1
11:45:48,5,4289,0,923.4,0,118.5,0,59.3,1,1
11:45:50,4,4290,0,923.4,0,118.5,0,59.3,1,1
11:45:52,4,4291,0,923.4,0,118.5,0,59.3,1,1
11:45:54,5,4290,0,923.4,0,118.5,0,59.3,1,1
11:45:57,5,4290,0,923.4,0,118.5,0,59.3,1,1
11:45:59,5,4294,0,923.4,0,118.6,0,59.3,1,1
11:46:01,6,4293,0,923.4,0,118.6,0,59.3,1,1
11:46:03,4,4290,0,923.4,0,118.6,0,59.3,1,1
11:46:05,4,4291,0,923.4,0,118.6,0,59.3,1,1
11:46:07,6,4291,0,923.4,0,118.6,0,59.3,1,1
11:46:09,8,4291,0,923.4,0,118.6,0,59.3,1,1
11:46:11,6,4290,0,923.4,0,118.6,0,59.3,1,1
11:46:13,5,4290,0,923.4,0,118.6,0,59.3,1,1
11:46:15,6,4290,0,923.4,0,118.6,0,59.3,1,1
11:46:17,6,4291,0,923.4,0,118.6,0,59.3,1,1
11:46:19,5,4294,0,923.4,0,118.6,0,59.3,1,1
11:46:21,5,4288,0,923.4,0,118.6,0,59.3,1,1
11:46:23,4,4287,0,923.4,0,118.6,0,59.3,1,1
11:46:26,4,4289,0,923.4,0,118.6,0,59.3,1,1
11:46:28,5,4284,0,923.4,0,118.6,0,59.3,1,1
11:46:30,6,4285,0,923.4,0,118.6,0,59.3,1,1
11:46:32,4,4286,0,923.4,0,118.6,0,59.3,1,1
11:46:34,7,4285,0,923.4,0,118.6,0,59.3,1,1
11:46:36,6,4287,0,923.4,0,118.6,0,59.3,1,1
11:46:38,4,4288,0,923.4,0,118.6,0,59.3,1,1
11:46:40,5,4287,0,923.4,0,118.6,0,59.3,1,1
11:46:42,7,4288,0,923.4,0,118.6,0,59.3,1,1
11:46:44,10,4295,0,923.4,0,118.6,0,59.3,1,1
11:46:46,7,4288,0,923.4,0,118.6,0,59.3,1,1
11:46:48,5,4293,0,923.4,0,118.6,0,59.3,1,1
11:46:50,6,4289,0,923.4,0,118.6,0,59.3,1,1
11:46:52,4,4294,0,923.4,0,118.7,0,59.3,1,1
11:46:55,6,4285,0,923.4,0,118.7,0,59.3,1,1
11:46:57,5,4286,0,923.4,0,118.7,0,59.3,1,1
11:46:59,6,4289,0,923.4,0,118.7,0,59.3,1,1
11:47:01,5,4284,0,923.4,0,118.7,0,59.3,1,1
11:47:03,4,4286,0,923.4,0,118.7,0,59.3,1,1
11:47:05,5,4285,0,923.4,0,118.7,0,59.3,1,1
11:47:07,6,4283,0,923.4,0,118.7,0,59.3,1,1
11:47:09,4,4282,0,923.4,0,118.7,0,59.3,1,1
11:47:11,6,4284,0,923.4,0,118.7,0,59.3,1,1
11:47:13,7,4282,0,923.4,0,118.7,0,59.3,1,1
11:47:15,6,4282,0,923.4,0,118.7,0,59.3,1,1
11:47:17,5,4285,0,923.4,0,118.7,0,59.3,1,1
11:47:19,4,4284,0,923.4,0,118.7,0,59.3,1,1
11:47:21,6,4284,0,923.4,0,118.7,0,59.3,1,1
11:47:24,5,4284,0,923.4,0,118.7,0,59.3,1,1
11:47:26,5,4283,0,923.4,0,118.7,0,59.3,1,1
11:47:28,7,4284,0,923.4,0,118.7,0,59.3,1,1
11:47:30,6,4284,0,923.4,0,118.7,0,59.3,1,1
11:47:32,4,4282,0,923.4,0,118.7,0,59.3,1,1
11:47:34,5,4282,0,923.4,0,118.7,0,59.3,1,1
11:47:36,7,4272,0,923.4,0,118.7,0,59.3,1,1
11:47:38,7,4265,0,923.4,0,118.7,0,59.3,1,1
11:47:40,5,4264,0,923.4,0,118.7,0,59.3,1,1
11:47:42,4,4264,0,923.4,0,118.7,0,59.3,1,1
11:47:44,4,4266,0,923.4,0,118.8,0,59.3,1,1
11:47:46,5,4262,0,923.4,0,118.8,0,59.3,1,1
11:47:48,8,4262,0,923.4,0,118.8,0,59.3,1,1
11:47:50,7,4265,0,923.4,0,118.8,0,59.3,1,1
11:47:52,8,4265,0,923.4,0,118.8,0,59.3,1,1
11:47:55,23,4180,0,923.4,0,118.8,0,59.3,1,1
11:47:57,12,4185,0,923.4,0,118.8,0,59.3,1,1
11:47:59,4,4185,0,923.4,0,118.8,0,59.3,1,1
11:48:01,7,4199,0,923.4,0,118.8,0,59.3,1,1
11:48:03,8,4201,0,923.4,0,118.8,0,59.3,1,1
11:48:05,8,4200,0,923.4,0,118.8,0,59.3,1,1
11:48:07,6,4201,0,923.4,0,118.8,0,59.3,1,1
11:48:09,8,4198,0,923.4,0,118.8,0,59.3,1,1
11:48:11,6,4199,0,923.4,0,118.8,0,59.3,1,1
11:48:13,5,4200,0,923.4,0,118.8,0,59.3,1,1
11:48:15,8,4200,0,923.4,0,118.8,0,59.3,1,1
11:48:17,5,4201,0,923.4,0,118.8,0,59.3,1,1
11:48:19,10,4169,0,923.4,0,118.8,0,59.3,1,1
11:48:21,23,4163,0,923.4,0,118.8,0,59.3,1,1
11:48:24,8,4181,0,923.4,0,118.8,0,59.3,1,1
11:48:26,12,4177,0,923.4,0,118.8,0,59.3,1,1
11:48:28,10,4171,0,923.4,0,118.8,0,59.3,1,1
11:48:30,8,4173,0,923.4,0,118.8,0,59.3,1,1
11:48:32,5,4172,0,923.4,0,118.8,0,59.3,1,1
11:48:34,4,4176,0,923.4,0,118.8,0,59.3,1,1
11:48:36,5,4173,0,923.4,0,118.8,0,59.3,1,1
11:48:38,6,4184,0,923.4,0,118.9,0,59.3,1,1
11:48:40,4,4183,0,923.4,0,118.9,0,59.3,1,1
11:48:42,5,4184,0,923.4,0,118.9,0,59.3,1,1
11:48:44,5,4183,0,923.4,0,118.9,0,59.3,1,1
11:48:46,6,4184,0,923.4,0,118.9,0,59.3,1,1
11:48:48,5,4183,0,923.4,0,118.9,0,59.3,1,1
11:48:50,6,4187,0,923.4,0,118.9,0,59.3,1,1
11:48:53,5,4183,0,923.4,0,118.9,0,59.3,1,1
11:48:55,10,4185,0,923.4,0,118.9,0,59.3,1,1
11:48:57,7,4185,0,923.4,0,118.9,0,59.3,1,1
11:48:59,7,4192,0,923.4,0,118.9,0,59.3,1,1
11:49:01,6,4176,0,923.4,0,118.9,0,59.3,1,1
11:49:03,4,4174,0,923.4,0,118.9,0,59.3,1,1
11:49:05,6,4175,0,923.4,0,118.9,0,59.3,1,1
11:49:07,5,4173,0,923.4,0,118.9,0,59.3,1,1
11:49:09,4,4173,0,923.4,0,118.9,0,59.3,1,1
11:49:11,5,4176,0,923.4,0,118.9,0,59.3,1,1
11:49:13,7,4178,0,923.4,0,118.9,0,59.3,1,1
11:49:15,6,4173,0,923.4,0,118.9,0,59.3,1,1
11:49:17,5,4174,0,923.4,0,118.9,0,59.3,1,1
11:49:19,4,4174,0,923.4,0,118.9,0,59.3,1,1
11:49:22,6,4178,0,923.4,0,118.9,0,59.3,1,1
11:49:24,5,4174,0,923.4,0,119.0,0,59.3,1,1
11:49:26,6,4171,0,923.4,0,119.0,0,59.3,1,1
11:49:28,9,4177,0,923.4,0,119.0,0,59.3,1,1
11:49:30,7,4179,0,923.4,0,119.0,0,59.3,1,1
11:49:32,3,4180,0,923.4,0,119.0,0,59.3,1,1
11:49:34,5,4179,0,923.4,0,119.0,0,59.3,1,1
11:49:36,5,4181,0,923.4,0,119.0,0,59.3,1,1
11:49:38,4,4183,0,923.4,0,119.0,0,59.3,1,1
11:49:40,5,4183,0,923.4,0,119.0,0,59.3,1,1
11:49:42,5,4192,0,923.4,0,119.0,0,59.3,1,1
11:49:44,5,4196,0,923.4,0,119.0,0,59.3,1,1
11:49:46,5,4195,0,923.4,0,119.0,0,59.3,1,1
11:49:49,6,4197,0,923.4,0,119.0,0,59.3,1,1
11:49:51,4,4202,0,923.4,0,119.0,0,59.3,1,1
11:49:53,6,4203,0,923.4,0,119.0,0,59.3,1,1
11:49:55,4,4206,0,923.4,0,119.0,0,59.3,1,1
11:49:57,6,4209,0,923.4,0,119.0,0,59.3,1,1
11:49:59,6,4208,0,923.4,0,119.0,0,59.3,1,1
11:50:01,8,4209,0,923.4,0,119.0,0,59.3,1,1
11:50:03,7,4211,0,923.4,0,119.0,0,59.3,1,1
11:50:05,7,4210,0,923.4,0,119.0,0,59.3,1,1
11:50:07,4,4212,0,923.4,0,119.0,0,59.3,1,1
11:50:09,5,4210,0,923.4,0,119.0,0,59.3,1,1
11:50:11,6,4213,0,923.4,0,119.1,0,59.3,1,1
11:50:13,5,4212,0,923.4,0,119.1,0,59.3,1,1
11:50:15,5,4212,0,923.4,0,119.1,0,59.3,1,1
11:50:18,6,4213,0,923.4,0,119.1,0,59.3,1,1
11:50:20,5,4212,0,923.4,0,119.1,0,59.3,1,1
11:50:22,5,4209,0,923.4,0,119.1,0,59.3,1,1
11:50:24,7,4213,0,923.4,0,119.1,0,59.3,1,1
11:50:26,5,4215,0,923.4,0,119.1,0,59.3,1,1
11:50:28,5,4215,0,923.4,0,119.1,0,59.3,1,1
11:50:30,7,4213,0,923.4,0,119.1,0,59.3,1,1
11:50:32,7,4213,0,923.4,0,119.1,0,59.3,1,1
11:50:34,7,4213,0,923.4,0,119.1,0,59.3,1,1
11:50:36,6,4215,0,923.4,0,119.1,0,59.3,1,1
11:50:38,5,4212,0,923.4,0,119.1,0,59.3,1,1
11:50:40,7,4211,0,923.4,0,119.1,0,59.3,1,1
11:50:42,5,4211,0,923.4,0,119.1,0,59.3,1,1
11:50:45,4,4211,0,923.4,0,119.1,0,59.3,1,1
11:50:47,5,4213,0,923.4,0,119.1,0,59.3,1,1
11:50:49,5,4212,0,923.4,0,119.1,0,59.3,1,1
11:50:51,6,4211,0,923.4,0,119.1,0,59.3,1,1
11:50:53,7,4213,0,923.4,0,119.1,0,59.3,1,1
11:50:55,5,4211,0,923.4,0,119.1,0,59.3,1,1
11:50:57,6,4214,0,923.4,0,119.1,0,59.3,1,1
11:50:59,5,4211,0,923.4,0,119.1,0,59.3,1,1
11:51:01,4,4211,0,923.4,0,119.1,0,59.3,1,1
11:51:03,4,4210,0,923.4,0,119.2,0,59.3,1,1
11:51:05,6,4209,0,923.4,0,119.2,0,59.3,1,1
11:51:07,9,4210,0,923.4,0,119.2,0,59.3,1,1
11:51:09,8,4211,0,923.4,0,119.2,0,59.3,1,1
11:51:11,8,4213,0,923.4,0,119.2,0,59.3,1,1
11:51:14,7,4211,0,923.4,0,119.2,0,59.3,1,1
11:51:16,4,4222,0,923.4,0,119.2,0,59.3,1,1
11:51:18,5,4223,0,923.4,0,119.2,0,59.3,1,1
11:51:20,5,4221,0,923.4,0,119.2,0,59.3,1,1
11:51:22,6,4221,0,923.4,0,119.2,0,59.3,1,1
11:51:24,4,4219,0,923.4,0,119.2,0,59.3,1,1
11:51:26,4,4219,0,923.4,0,119.2,0,59.3,1,1
11:51:28,5,4221,0,923.4,0,119.2,0,59.3,1,1
11:51:30,5,4220,0,923.4,0,119.2,0,59.3,1,1
11:51:32,6,4219,0,923.4,0,119.2,0,59.3,1,1
11:51:34,5,4220,0,923.4,0,119.2,0,59.3,1,1
11:51:36,4,4223,0,923.4,0,119.2,0,59.3,1,1
11:51:38,8,4218,0,923.4,0,119.2,0,59.3,1,1
11:51:40,8,4217,0,923.4,0,119.2,0,59.3,1,1
11:51:43,6,4218,0,923.4,0,119.2,0,59.3,1,1
11:51:45,6,4219,0,923.4,0,119.2,0,59.3,1,1
11:51:47,7,4220,0,923.4,0,119.2,0,59.3,1,1
11:51:49,5,4223,0,923.4,0,119.2,0,59.3,1,1
11:51:51,4,4221,0,923.4,0,119.2,0,59.3,1,1
11:51:53,4,4226,0,923.4,0,119.2,0,59.3,1,1
11:51:55,15,4174,0,923.4,0,119.2,0,59.3,1,1
11:51:57,11,4172,0,923.4,0,119.2,0,59.3,1,1
11:51:59,3,4174,0,923.4,0,119.3,0,59.3,1,1
11:52:01,7,4175,0,923.4,0,119.3,0,59.3,1,1
11:52:03,5,4173,0,923.4,0,119.3,0,59.3,1,1
11:52:05,5,4174,0,923.4,0,119.3,0,59.3,1,1
11:52:07,6,4176,0,923.4,0,119.3,0,59.3,1,1
11:52:09,9,4182,0,923.4,0,119.3,0,59.3,1,1
11:52:11,10,4185,0,923.4,0,119.3,0,59.3,1,1
11:52:14,23,4094,0,923.4,0,119.3,0,59.3,1,1
11:52:16,17,4176,0,923.4,0,119.3,0,59.3,1,1
11:52:18,7,4185,0,923.4,0,119.3,0,59.3,1,1
11:52:20,5,4188,0,923.4,0,119.3,0,59.3,1,1
11:52:22,5,4189,0,923.4,0,119.3,0,59.3,1,1
11:52:24,8,4182,0,923.4,0,119.3,0,59.3,1,1
11:52:26,5,4187,0,923.4,0,119.3,0,59.3,1,1
11:52:28,5,4186,0,923.4,0,119.3,0,59.3,1,1
11:52:30,5,4188,0,923.4,0,119.3,0,59.3,1,1
11:52:32,9,4186,0,923.4,0,119.3,0,59.3,1,1
11:52:34,11,4193,0,923.4,0,119.3,0,59.3,1,1
11:52:36,6,4193,0,923.4,0,119.3,0,59.3,1,1
11:52:38,6,4191,0,923.4,0,119.3,0,59.3,1,1
11:52:41,6,4195,0,923.4,0,119.3,0,59.3,1,1
11:52:43,8,4196,0,923.4,0,119.3,0,59.3,1,1
11:52:45,11,4184,0,923.4,0,119.3,0,59.3,1,1
11:52:47,7,4181,0,923.4,0,119.3,0,59.3,1,1
11:52:49,5,4182,0,923.4,0,119.4,0,59.3,1,1
11:52:51,5,4188,0,923.4,0,119.4,0,59.3,1,1
11:52:53,6,4186,0,923.4,0,119.4,0,59.3,1,1
11:52:55,7,4192,0,923.4,0,119.4,0,59.3,1,1
11:52:57,4,4199,0,923.4,0,119.4,0,59.3,1,1
11:52:59,6,4196,0,923.4,0,119.4,0,59.3,1,1
11:53:01,8,4190,0,923.4,0,119.4,0,59.3,1,1
11:53:03,6,4195,0,923.4,0,119.4,0,59.3,1,1
11:53:05,9,4197,0,923.4,0,119.4,0,59.3,1,1
11:53:07,7,4196,0,923.4,0,119.4,0,59.3,1,1
11:53:09,5,4199,0,923.4,0,119.4,0,59.3,1,1
11:53:11,5,4198,0,923.4,0,119.4,0,59.3,1,1
11:53:13,5,4200,0,923.4,0,119.4,0,59.3,1,1
11:53:16,4,4202,0,923.4,0,119.4,0,59.3,1,1
11:53:18,8,4205,0,923.4,0,119.4,0,59.3,1,1
11:53:20,7,4204,0,923.4,0,119.4,0,59.3,1,1
11:53:22,12,4177,0,923.4,0,119.4,0,59.3,1,1
11:53:24,12,4088,0,923.4,0,119.4,0,59.3,1,1
11:53:26,24,3927,0,923.4,0,119.4,0,59.3,1,1
11:53:28,37,3384,0,923.4,0,119.4,0,59.3,1,1
11:53:30,53,2819,0,923.4,0,119.4,0,59.3,1,1
11:53:32,28,2553,0,923.4,0,119.4,0,59.3,1,1
11:53:34,8,2525,0,923.4,0,119.4,0,59.3,1,1
11:53:36,7,2517,0,923.4,0,119.4,0,59.3,1,1
11:53:38,7,2541,0,923.4,0,119.4,0,59.3,1,1
11:53:40,7,2595,0,923.4,0,119.5,0,59.3,1,1
11:53:43,6,2588,0,923.4,0,119.5,0,59.3,1,1
11:53:45,5,2596,0,923.4,0,119.5,0,59.3,1,1
11:53:47,21,2243,0,923.4,0,119.5,0,59.3,1,1
11:53:49,41,1852,0,923.4,0,119.5,0,59.3,1,1
11:53:51,27,1799,0,923.4,0,119.5,0,59.3,1,1
11:53:53,20,1803,0,923.4,0,119.5,0,59.3,1,1
11:53:55,19,1778,0,923.4,0,119.5,0,59.3,1,1
11:53:57,28,2133,0,923.4,0,119.5,0,59.3,1,1
11:53:59,21,2698,0,923.4,0,119.5,0,59.3,1,1
11:54:01,14,2674,0,923.4,0,119.5,0,59.3,1,1
11:54:03,16,2688,0,923.4,0,119.5,0,59.3,1,1
11:54:05,15,2715,0,923.4,0,119.5,0,59.3,1,1
11:54:07,19,2648,0,923.4,0,119.5,0,59.3,1,1
11:54:10,14,2633,0,923.4,0,119.5,0,59.3,1,1
11:54:12,10,2628,0,923.4,0,119.5,0,59.3,1,1
11:54:14,11,2620,0,923.4,0,119.5,0,59.3,1,1
